appliance_id,appliance_name,category,subcategory,field_group,field,value,unit,value_min,value_max,status,is_derived,source_tier,source_type,source_url,source_label,test_conditions,verified_date,confidence
air-compressor-pancake,Pancake air compressor,power_tools,portable_air_compressor,electrical,running_watts,1800,W,935,1800,verified,false,official,brand_manual_pdf,https://www.manualslib.com/manual/132199/Porter-Cable-C2002.html,"Porter-Cable · C2002 air compressor manual, specification page","Porter-Cable C2002 specification page: 120 volts / 15 amps, converted to 1800 VA. The manufacturer does not state W or PF",2026-08-01,medium
air-compressor-pancake,Pancake air compressor,power_tools,portable_air_compressor,electrical,running_watts_low,935,W,,,verified,false,official,brand_product_page,https://californiaairtools.com/product/california-air-tools-8010-ultra-quiet-1-0-hp-oil-free-lightweight-8-gallon-air-compressor/,California Air Tools · 8010 air compressor official specifications,California Air Tools 8010 official specifications: 110v 60hz / 8.5 Amps / 1.0 HP (Rated/Running) – 2.0 HP (Peak) / 1680 RPM,2026-08-01,medium
air-compressor-pancake,Pancake air compressor,power_tools,portable_air_compressor,electrical,running_watts_high,1800,W,,,verified,false,official,brand_manual_pdf,https://www.manualslib.com/manual/132199/Porter-Cable-C2002.html,"Porter-Cable · C2002 air compressor manual, specification page","Porter-Cable C2002: 120 volts, 15 amps",2026-08-01,medium
air-compressor-pancake,Pancake air compressor,power_tools,portable_air_compressor,electrical,startup_surge_multiplier,6,ratio,6,8.8,verified,true,official,government_standard,https://www.traskinstrumentation.com/pdf/app_notes/Single_and_Three_Pahase_Motor_Load_Current_Tables.pdf,NFPA NEC 2011 · Table 430.251(A) maximum locked-rotor current table for single-phase motors + Table 430.248 full-load current table for single-phase motors,"NEC Table 430.251(A) “Maximum Locked-Rotor Current in Amperes, Single Phase” 1 HP/115 V = 96 A; the same document's Table 430.248 “Full-Load Currents in Amperes, Single-Phase” 1 HP/115 V = 16 A → 6.0×. This ratio comes out the same, 6.0×, at 1/2 HP (58.8÷9.8) and at 1-1/2 HP (120÷20); it is the envelope ceiling given by the standard, not a measured value for any specific air compressor",2026-08-01,low
air-compressor-pancake,Pancake air compressor,power_tools,portable_air_compressor,electrical,startup_surge_watts,,W,,,unknown,false,,,,,,,unknown
air-compressor-pancake,Pancake air compressor,power_tools,portable_air_compressor,electrical,surge_duration_ms,,ms,,,unknown,false,,,,,,,unknown
air-compressor-pancake,Pancake air compressor,power_tools,portable_air_compressor,electrical,motor_type,,,,,unknown,false,,,,,,,unknown
air-compressor-pancake,Pancake air compressor,power_tools,portable_air_compressor,electrical,power_factor,,ratio,,,unknown,false,,,,,,,unknown
air-compressor-pancake,Pancake air compressor,power_tools,portable_air_compressor,electrical,requires_pure_sine,,,,,unknown,false,,,,,,,unknown
air-compressor-pancake,Pancake air compressor,power_tools,portable_air_compressor,electrical,standby_watts,0,W,,,verified,false,official,brand_product_page,https://californiaairtools.com/product/california-air-tools-8010-ultra-quiet-1-0-hp-oil-free-lightweight-8-gallon-air-compressor/,California Air Tools · 8010 air compressor official specifications,The pressure switch stops the motor once the cutout pressure is reached; the manufacturer does not state the control circuit's standby power,2026-08-01,low
air-compressor-pancake,Pancake air compressor,power_tools,portable_air_compressor,duty_cycle,default_duty_cycle,0.7,ratio,,,verified,false,official,brand_product_page,https://californiaairtools.com/product/california-air-tools-8010-ultra-quiet-1-0-hp-oil-free-lightweight-8-gallon-air-compressor/,California Air Tools · 8010 air compressor official specifications,"Manufacturer official specifications, verbatim: Duty Cycle – 70/30 (that is, 7 minutes running out of every 10 minutes)",2026-08-01,high
air-compressor-pancake,Pancake air compressor,power_tools,portable_air_compressor,duty_cycle,cycle_period_min,10,min,,,verified,false,official,brand_product_page,https://californiaairtools.com/product/california-air-tools-8010-ultra-quiet-1-0-hp-oil-free-lightweight-8-gallon-air-compressor/,California Air Tools · 8010 air compressor official specifications,The industry-standard reference period for a 70/30 duty cycle is 10 minutes; the manufacturer does not explicitly state the period length,2026-08-01,medium
air-compressor-pancake,Pancake air compressor,power_tools,portable_air_compressor,duty_cycle,typical_daily_runtime_h,,h,,,unknown,false,,,,,,,unknown
air-compressor-pancake,Pancake air compressor,power_tools,portable_air_compressor,duty_cycle,minutes_per_use,2.75,min,1,2.75,verified,false,official,brand_product_page,https://californiaairtools.com/product/california-air-tools-8010-ultra-quiet-1-0-hp-oil-free-lightweight-8-gallon-air-compressor/,California Air Tools · 8010 air compressor official specifications,Manufacturer specifications: Time to fill tank from empty to full – 165 Seconds (2.75 minutes); Recovery time from 90 PSI to 120 PSI – 60 Seconds,2026-08-01,high
air-fryer,Air fryer,cooking,countertop_convection,electrical,running_watts,1700,W,1500,1800,verified,false,official,brand_manual_pdf,https://images.thdstatic.com/catalog/pdfImages/0d/0db9b236-d1e0-4eda-9129-87fea91fec54.pdf,"COSORI · CP158-AF air fryer instructions for use, specification table","Manufacturer specification table: Power Supply AC 120V, 60Hz; Rated Power 1700W; capacity 5.8 qt/5.5 L",2026-08-01,high
air-fryer,Air fryer,cooking,countertop_convection,electrical,running_watts_low,,W,,,unknown,false,,,,,,,unknown
air-fryer,Air fryer,cooking,countertop_convection,electrical,running_watts_high,1700,W,,,verified,false,official,brand_manual_pdf,https://images.thdstatic.com/catalog/pdfImages/0d/0db9b236-d1e0-4eda-9129-87fea91fec54.pdf,"COSORI · CP158-AF air fryer instructions for use, specification table",Manufacturer-stated rated power,2026-08-01,high
air-fryer,Air fryer,cooking,countertop_convection,electrical,startup_surge_multiplier,,ratio,,,unknown,false,,,,,,,unknown
air-fryer,Air fryer,cooking,countertop_convection,electrical,startup_surge_watts,,W,,,unknown,false,,,,,,,unknown
air-fryer,Air fryer,cooking,countertop_convection,electrical,surge_duration_ms,,ms,,,unknown,false,,,,,,,unknown
air-fryer,Air fryer,cooking,countertop_convection,electrical,motor_type,,,,,unknown,false,,,,,,,unknown
air-fryer,Air fryer,cooking,countertop_convection,electrical,power_factor,,ratio,,,unknown,false,,,,,,,unknown
air-fryer,Air fryer,cooking,countertop_convection,electrical,requires_pure_sine,,,,,unknown,false,,,,,,,unknown
air-fryer,Air fryer,cooking,countertop_convection,electrical,standby_watts,,W,,,unknown,false,,,,,,,unknown
air-fryer,Air fryer,cooking,countertop_convection,duty_cycle,default_duty_cycle,1,ratio,,,verified,false,official,brand_manual_pdf,https://images.thdstatic.com/catalog/pdfImages/0d/0db9b236-d1e0-4eda-9129-87fea91fec54.pdf,"COSORI · CP158-AF air fryer instructions for use, specification table",Conservative value assuming the heating element is continuously on; the manufacturer does not publish the thermostat cycling duty cycle,2026-08-01,low
air-fryer,Air fryer,cooking,countertop_convection,duty_cycle,cycle_period_min,,min,,,unknown,false,,,,,,,unknown
air-fryer,Air fryer,cooking,countertop_convection,duty_cycle,typical_daily_runtime_h,,h,,,unknown,false,,,,,,,unknown
air-fryer,Air fryer,cooking,countertop_convection,duty_cycle,minutes_per_use,5,min,3,5,verified,false,official,brand_manual_pdf,https://images.thdstatic.com/catalog/pdfImages/0d/0db9b236-d1e0-4eda-9129-87fea91fec54.pdf,"COSORI · CP158-AF air fryer instructions for use, specification table","Manufacturer preheat time table: 400°F/205°C takes 5 min, 330°F and below takes 3 min",2026-08-01,medium
air-fryer,Air fryer,cooking,countertop_convection,duty_cycle,typical_uses_per_day,,cycles,,,unknown,false,,,,,,,unknown
aquarium-air-pump,Aquarium air pump,water,aquarium_air_pump,electrical,running_watts,2.8,W,1.5,3.8,verified,false,official,brand_manual_pdf,https://www.aqueon.com/-/media/project/oneweb/aqueon/files/us/instructions/specialty-equipment/quietflow-air-pumps_all-5-sizes-pdf.pdf,"Aqueon · QuietFlow Air Pumps instruction manual, Product Specifications table (five sizes combined)","Manufacturer Product Specifications table, row by row: 06995 Model 10 / 2-10 gallon / 1.5 W / 120V/60Hz; 06996 Model 20 / 11-20 gallon / 1.7 W; 06997 Model 40 / 40 gallon and under / 2.8 W; 06998 Model 60 / 60 gallon and under / 3.2 W; 06999 Model 100 / 100 gallon and under / 3.8 W. The manufacturer prints W directly, not amperage — there is no A×V conversion, so there is no VA-disguised-as-watts pathway here. The reasoning for taking Model 40 as the point value is in watts_distribution_note. The manufacturer does not state the test conditions (such as air outlet fully open/restricted, or back-pressure height).",2026-08-09,high
aquarium-air-pump,Aquarium air pump,water,aquarium_air_pump,electrical,running_watts_low,1.5,W,,,verified,false,official,brand_manual_pdf,https://www.aqueon.com/-/media/project/oneweb/aqueon/files/us/instructions/specialty-equipment/quietflow-air-pumps_all-5-sizes-pdf.pdf,"Aqueon · QuietFlow Air Pumps instruction manual, Product Specifications table",Smallest tier on the same table: 06995 / Model 10 / Recommended Aquarium Size “2-10 gallon” / Wattage “1.5 W” / Voltage “120V/60Hz”. This is a different unit from the 2.8 W tier.,2026-08-09,high
aquarium-air-pump,Aquarium air pump,water,aquarium_air_pump,electrical,running_watts_high,3.8,W,,,verified,false,official,brand_manual_pdf,https://www.aqueon.com/-/media/project/oneweb/aqueon/files/us/instructions/specialty-equipment/quietflow-air-pumps_all-5-sizes-pdf.pdf,"Aqueon · QuietFlow Air Pumps instruction manual, Product Specifications table",Largest tier on the same table: 06999 / Model 100 / Recommended Aquarium Size “100 gallon and under” / Wattage “3.8 W” / Voltage “120V/60Hz”. Likewise a different unit.,2026-08-09,high
aquarium-air-pump,Aquarium air pump,water,aquarium_air_pump,electrical,startup_surge_multiplier,,ratio,,,unknown,false,,,,,,,unknown
aquarium-air-pump,Aquarium air pump,water,aquarium_air_pump,electrical,startup_surge_watts,,W,,,unknown,false,,,,,,,unknown
aquarium-air-pump,Aquarium air pump,water,aquarium_air_pump,electrical,surge_duration_ms,,ms,,,unknown,false,,,,,,,unknown
aquarium-air-pump,Aquarium air pump,water,aquarium_air_pump,electrical,motor_type,,,,,unknown,false,,,,,,,unknown
aquarium-air-pump,Aquarium air pump,water,aquarium_air_pump,electrical,power_factor,,ratio,,,unknown,false,,,,,,,unknown
aquarium-air-pump,Aquarium air pump,water,aquarium_air_pump,electrical,apparent_power_va,,VA,,,unknown,false,,,,,,,unknown
aquarium-air-pump,Aquarium air pump,water,aquarium_air_pump,electrical,requires_pure_sine,,,,,unknown,false,,,,,,,unknown
aquarium-air-pump,Aquarium air pump,water,aquarium_air_pump,electrical,standby_watts,,W,,,unknown,false,,,,,,,unknown
aquarium-air-pump,Aquarium air pump,water,aquarium_air_pump,duty_cycle,default_duty_cycle,1,ratio,,,verified,false,official,brand_manual_pdf,https://www.aqueon.com/-/media/project/oneweb/aqueon/files/us/instructions/specialty-equipment/quietflow-air-pumps_all-5-sizes-pdf.pdf,"Aqueon · QuietFlow Air Pumps instruction manual, Installation Instructions","This 1.0 is a conservative value taken from a plain reading of the documents, not a duty cycle the manufacturer publishes. The manufacturer's installation steps run to five steps total, and the last step reads, verbatim, only “Plug in air pump.” — nowhere in the text is there any switch, timer, or thermostatic control, nor any record of intermittent operation; the three EHEIM pages likewise describe only noise, air outlet, feet, and accessories, with no record of any on/off control. On this basis it is treated as a continuous load. The manufacturer does not state which operating state this power consumption corresponds to.",2026-08-09,low
aquarium-air-pump,Aquarium air pump,water,aquarium_air_pump,duty_cycle,typical_daily_runtime_h,,h,,,unknown,false,,,,,,,unknown
aquarium-air-pump,Aquarium air pump,water,aquarium_air_pump,energy,daily_wh,,Wh,,,unknown,false,,,,,,,unknown
aquarium-heater,Aquarium heater,hvac_heating,aquarium_submersible_heater,electrical,running_watts,100,W,50,300,verified,false,official,brand_manual_pdf,https://www.aqueon.com/-/media/project/oneweb/aqueon/files/us/instructions/heating/glass-adjustable-heater_instruction_all-sizes-pdf.pdf,"Aqueon · Submersible Aquarium Heater instruction manual (TA50/TA100/TA150/TA200/TA300 combined, all sizes, document no. R49903)","Instruction manual cover, verbatim: “Models: TA50 (50W), TA100 (100W), TA150 (150W), TA200 (200W) and TA300 (300W)” “120 Volts, 60 Hz”; the interior Appliance Specification table's 100 W row corresponds to Recommended Aquarium Size “15–40” (US gallons, approx. 57–151 L). This is the nameplate rated power itself, not a value converted from amperage times voltage — the manufacturer does not print amperage, so there is no VA-disguised-as-watts pathway here. The reasoning for taking TA100 as the point value is written in watts_distribution_note; it is a reviewable editorial choice, not a measurement result.",2026-08-09,high
aquarium-heater,Aquarium heater,hvac_heating,aquarium_submersible_heater,electrical,running_watts_low,50,W,,,verified,false,official,brand_manual_pdf,https://www.aqueon.com/-/media/project/oneweb/aqueon/files/us/instructions/heating/glass-adjustable-heater_instruction_all-sizes-pdf.pdf,"Aqueon · Submersible Aquarium Heater instruction manual, Appliance Specification table","Smallest tier on the same Appliance Specification table: Watts “50” / Overall Length “9.0""” / Recommended Aquarium Size “5–20”. Model TA50; this is a different unit from the 100 W tier, not a lower setting on the same unit.",2026-08-09,high
aquarium-heater,Aquarium heater,hvac_heating,aquarium_submersible_heater,electrical,running_watts_high,300,W,,,verified,false,official,brand_manual_pdf,https://www.aqueon.com/-/media/project/oneweb/aqueon/files/us/instructions/heating/glass-adjustable-heater_instruction_all-sizes-pdf.pdf,"Aqueon · Submersible Aquarium Heater instruction manual, Appliance Specification table","Largest tier on the same table: Watts “300” / Overall Length “15.0""” / Recommended Aquarium Size “65–90”. Model TA300; likewise a different unit.",2026-08-09,high
aquarium-heater,Aquarium heater,hvac_heating,aquarium_submersible_heater,electrical,startup_surge_multiplier,,ratio,,,unknown,false,,,,,,,unknown
aquarium-heater,Aquarium heater,hvac_heating,aquarium_submersible_heater,electrical,startup_surge_watts,,W,,,unknown,false,,,,,,,unknown
aquarium-heater,Aquarium heater,hvac_heating,aquarium_submersible_heater,electrical,surge_duration_ms,,ms,,,unknown,false,,,,,,,unknown
aquarium-heater,Aquarium heater,hvac_heating,aquarium_submersible_heater,electrical,motor_type,none,,,,verified,false,official,brand_manual_pdf,https://www.aqueon.com/-/media/project/oneweb/aqueon/files/us/instructions/heating/glass-adjustable-heater_instruction_all-sizes-pdf.pdf,Aqueon · Submersible Aquarium Heater instruction manual (installation diagram and safety notice),"The manufacturer's instruction manual describes no moving parts anywhere in the text: the five parts labeled in Figure 1 are the temperature dial, minimum water level line, indicator light, suction cups, and rubber guard; in the installation steps the manufacturer itself uses “heating element” to refer to the lower section of the unit (original Step 1 note: “DO NOT place suction cups over the heating element portion of the heater”). The features column of the same brand's Pro series manual separately states “No glass components” and “Electronic thermostat”. On this basis it is recorded as having no motor; `load_type=resistive` shares this same source.",2026-08-09,high
aquarium-heater,Aquarium heater,hvac_heating,aquarium_submersible_heater,electrical,power_factor,,ratio,,,unknown,false,,,,,,,unknown
aquarium-heater,Aquarium heater,hvac_heating,aquarium_submersible_heater,electrical,apparent_power_va,,VA,,,unknown,false,,,,,,,unknown
aquarium-heater,Aquarium heater,hvac_heating,aquarium_submersible_heater,electrical,requires_pure_sine,,,,,unknown,false,,,,,,,unknown
aquarium-heater,Aquarium heater,hvac_heating,aquarium_submersible_heater,electrical,standby_watts,,W,,,unknown,false,,,,,,,unknown
aquarium-heater,Aquarium heater,hvac_heating,aquarium_submersible_heater,duty_cycle,default_duty_cycle,1,ratio,,,verified,false,official,brand_manual_pdf,https://www.aqueon.com/-/media/project/oneweb/aqueon/files/us/instructions/heating/pro-adjustable-heater_instructions_all-sizes-pdf.pdf,Aqueon · Fully Submersible Aquarium Heater instruction manual (Power Monitor Light section),"This 1.0 is a conservative ceiling, not a duty cycle the manufacturer publishes, and not a measured average. All the manufacturer's documents support is the fact that “it switches on and off”: the Pro series manual's Power Monitor Light section states, verbatim, “Red: heating” and “Green: aquarium has reached set temperature”; the TA series manual's Step 4 likewise uses the indicator light to distinguish “functioning and in heating mode” from having reached the set temperature. The manufacturer does not publish an on/off time ratio for any tier, and this site does not derive one either — duty cycle depends on ambient room temperature, tank volume, lid, and the set-point temperature differential, all of which are user-side variables. Taking 1.0 means calculating as if the thermostat is calling for heat continuously; it yields the shortest runtime and the largest power-station threshold, which is the only acceptable rounding direction for a life-support load — underestimating the risk is the destructive direction.",2026-08-09,low
aquarium-heater,Aquarium heater,hvac_heating,aquarium_submersible_heater,duty_cycle,cycle_period_min,,min,,,unknown,false,,,,,,,unknown
aquarium-heater,Aquarium heater,hvac_heating,aquarium_submersible_heater,duty_cycle,typical_daily_runtime_h,,h,,,unknown,false,,,,,,,unknown
aquarium-heater,Aquarium heater,hvac_heating,aquarium_submersible_heater,energy,daily_wh,,Wh,,,unknown,false,,,,,,,unknown
box-fan,Box fan,hvac_cooling,portable_box_fan,electrical,running_watts,80,W,50,80,verified,false,official,brand_product_page,https://lasko.com/products/lasko-20-3-speed-box-fan-with-save-smart-3733-white,Lasko · 3733 20-inch box fan official specifications,"Lasko 3733 official specifications, Performance table: Energy Output 50 W to 80 W; Current 0.6 A to 0.7 A; Voltage 120 V; 3-speed; maximum airflow 1,800 CFM",2026-08-01,high
box-fan,Box fan,hvac_cooling,portable_box_fan,electrical,running_watts_low,50,W,,,verified,false,official,brand_product_page,https://lasko.com/products/lasko-20-3-speed-box-fan-with-save-smart-3733-white,Lasko · 3733 20-inch box fan official specifications,"Manufacturer Energy Output lower bound (low speed), corresponding to 0.6 A",2026-08-01,high
box-fan,Box fan,hvac_cooling,portable_box_fan,electrical,running_watts_high,80,W,,,verified,false,official,brand_product_page,https://lasko.com/products/lasko-20-3-speed-box-fan-with-save-smart-3733-white,Lasko · 3733 20-inch box fan official specifications,"Manufacturer Energy Output upper bound (high speed), corresponding to 0.7 A",2026-08-01,high
box-fan,Box fan,hvac_cooling,portable_box_fan,electrical,startup_surge_multiplier,,ratio,,,unknown,false,,,,,,,unknown
box-fan,Box fan,hvac_cooling,portable_box_fan,electrical,startup_surge_watts,,W,,,unknown,false,,,,,,,unknown
box-fan,Box fan,hvac_cooling,portable_box_fan,electrical,surge_duration_ms,,ms,,,unknown,false,,,,,,,unknown
box-fan,Box fan,hvac_cooling,portable_box_fan,electrical,motor_type,,,,,unknown,false,,,,,,,unknown
box-fan,Box fan,hvac_cooling,portable_box_fan,electrical,power_factor,0.95,ratio,,,verified,false,official,brand_product_page,https://lasko.com/products/lasko-20-3-speed-box-fan-with-save-smart-3733-white,Lasko · 3733 20-inch box fan official specifications,"Back-calculated from the manufacturer's own table, 80 W and 0.7 A @120 V (80/84)",2026-08-01,low
box-fan,Box fan,hvac_cooling,portable_box_fan,electrical,requires_pure_sine,,,,,unknown,false,,,,,,,unknown
box-fan,Box fan,hvac_cooling,portable_box_fan,electrical,standby_watts,0,W,,,verified,false,official,brand_product_page,https://lasko.com/products/lasko-20-3-speed-box-fan-with-save-smart-3733-white,Lasko · 3733 20-inch box fan official specifications,Mechanical rotary switch; power is cut when switched off. The manufacturer does not state this explicitly,2026-08-01,medium
box-fan,Box fan,hvac_cooling,portable_box_fan,duty_cycle,default_duty_cycle,1,ratio,,,verified,false,official,brand_product_page,https://lasko.com/products/lasko-20-3-speed-box-fan-with-save-smart-3733-white,Lasko · 3733 20-inch box fan official specifications,"Continuous load, no thermostat cycling (the manufacturer does not provide a temperature-control feature description)",2026-08-01,medium
box-fan,Box fan,hvac_cooling,portable_box_fan,duty_cycle,typical_daily_runtime_h,,h,,,unknown,false,,,,,,,unknown
box-fan,Box fan,hvac_cooling,portable_box_fan,energy,daily_wh,400,Wh,400,640,verified,false,official,brand_product_page,https://lasko.com/products/lasko-20-3-speed-box-fan-with-save-smart-3733-white,Lasko · 3733 20-inch box fan official specifications,Derived: 50 W (low speed) × 8 h overnight use,2026-08-01,medium
chest-freezer,Chest freezer,refrigeration,chest_freezer,electrical,running_watts,30,W,30,34,verified,true,official,brand_spec_sheet,https://www.midea.com/content/dam/midea-aem/us/freezer/chest-freezers/7-0-cuft-convertible-chest-freezer-with-led-interior-light-mrc07m6aww/ENERGY-GUIDE-MIDEA_MRC07M6AWW-MRC07M6EWW.pdf,Midea · MRC07M6AWW freezer FTC EnergyGuide label,"Two-step derived value. Basis: instantaneous power while the compressor is running, the same basis as duty_cycle. FTC EnergyGuide rated 225 kWh/year ÷ 8760 h = 25.7 W year-round average power; that ÷ the default duty cycle of 0.85 (borrowed from GE's “80% to 90%” basis for refrigerators) = 30.2 W, stored rounded to 30 W.",2026-08-01,low
chest-freezer,Chest freezer,refrigeration,chest_freezer,electrical,running_watts_low,30,W,,,verified,true,official,brand_spec_sheet,https://www.midea.com/content/dam/midea-aem/us/freezer/chest-freezers/7-0-cuft-convertible-chest-freezer-with-led-interior-light-mrc07m6aww/ENERGY-GUIDE-MIDEA_MRC07M6AWW-MRC07M6EWW.pdf,Midea · MRC07M6AWW freezer FTC EnergyGuide label,"Derived, on the basis of instantaneous power while the compressor runs: 225 kWh/year ÷ 8760 h ÷ 0.85 duty cycle = 30.2 W (7.0 cu ft, manual defrost, ENERGY STAR)",2026-08-01,low
chest-freezer,Chest freezer,refrigeration,chest_freezer,electrical,running_watts_high,34,W,,,verified,true,official,brand_product_page,https://www.midea.com/us/Freezers/chest-freezers/midea-chest-freezer-refrigerator-storage.merc07c4baww,Midea · MERC07C4BAWW 7 cu ft chest freezer official specifications,"Derived, on the basis of instantaneous power while the compressor runs: 250 kWh/year ÷ 8760 h ÷ 0.85 duty cycle = 33.6 W (7 cu ft convertible model, 115 V, manual defrost)",2026-08-01,low
chest-freezer,Chest freezer,refrigeration,chest_freezer,electrical,startup_surge_multiplier,5.2,ratio,5.2,5.4,verified,true,official,brand_spec_sheet,https://tproduct.tecumseh.com/Home/PDFURL/AE4456Y-AA1C?Check=Model,Tecumseh · AE4456Y-AA1C compressor data sheet (115 V),Value taken by analogy: Tecumseh commercial compressor LRA/RLA = 5.2× (115 V) / 5.4× (230 V),2026-08-01,low
chest-freezer,Chest freezer,refrigeration,chest_freezer,electrical,startup_surge_watts,,W,,,unknown,false,,,,,,,unknown
chest-freezer,Chest freezer,refrigeration,chest_freezer,electrical,surge_duration_ms,200,ms,100,300,verified,false,official,brand_support_kb,https://copeland.custhelp.com/app/answers/detail/a_id/2348/~/locked-rotor-amperage-(lra),Copeland (Emerson) · technical note on compressor locked-rotor amperage (LRA),Copeland: “lasts from 100 to 300 milliseconds until the rotor starts turning”,2026-08-01,medium
chest-freezer,Chest freezer,refrigeration,chest_freezer,electrical,motor_type,reciprocating_compressor,,,,verified,false,official,brand_spec_sheet,https://tproduct.tecumseh.com/Home/PDFURL/AE4456Y-AA1C?Check=Model,Tecumseh · AE4456Y-AA1C compressor data sheet (115 V),,2026-08-01,low
chest-freezer,Chest freezer,refrigeration,chest_freezer,electrical,power_factor,,ratio,,,unknown,false,,,,,,,unknown
chest-freezer,Chest freezer,refrigeration,chest_freezer,electrical,requires_pure_sine,,,,,unknown,false,,,,,,,unknown
chest-freezer,Chest freezer,refrigeration,chest_freezer,electrical,standby_watts,0,W,,,verified,false,official,brand_product_page,https://www.midea.com/us/Freezers/chest-freezers/midea-chest-freezer-refrigerator-storage.merc07c4baww,Midea · MERC07C4BAWW 7 cu ft chest freezer official specifications,Manual defrost models have no defrost heater or electronic panel standby draw; the manufacturer does not state this explicitly,2026-08-01,low
chest-freezer,Chest freezer,refrigeration,chest_freezer,duty_cycle,default_duty_cycle,0.85,ratio,0.5,1,verified,false,official,brand_support_kb,https://products.geappliances.com/appliance/gea-support-search-content?contentId=19194,GE Appliances · support note on refrigerator compressor run time,"Borrowed from GE's basis for refrigerators, “80% to 90% of the time”; there is no independent source for chest freezers",2026-08-01,low
chest-freezer,Chest freezer,refrigeration,chest_freezer,duty_cycle,cycle_period_min,,min,,,unknown,false,,,,,,,unknown
chest-freezer,Chest freezer,refrigeration,chest_freezer,energy,annual_kwh,225,kWh,225,250,verified,false,official,brand_spec_sheet,https://www.midea.com/content/dam/midea-aem/us/freezer/chest-freezers/7-0-cuft-convertible-chest-freezer-with-led-interior-light-mrc07m6aww/ENERGY-GUIDE-MIDEA_MRC07M6AWW-MRC07M6EWW.pdf,Midea · MRC07M6AWW freezer FTC EnergyGuide label,FTC EnergyGuide label: 225 kWh Estimated Yearly Electricity Use; Chest Freezer • Manual Defrost; Capacity 7.0 Cubic Feet; estimated yearly energy cost $27,2026-08-01,high
chest-freezer,Chest freezer,refrigeration,chest_freezer,energy,daily_wh,616,Wh,616,685,verified,false,official,brand_spec_sheet,https://www.midea.com/content/dam/midea-aem/us/freezer/chest-freezers/7-0-cuft-convertible-chest-freezer-with-led-interior-light-mrc07m6aww/ENERGY-GUIDE-MIDEA_MRC07M6AWW-MRC07M6EWW.pdf,Midea · MRC07M6AWW freezer FTC EnergyGuide label,Derived: 225 kWh/year ÷ 365 days = 616 Wh/day,2026-08-01,medium
coffee-maker,Coffee maker,cooking,coffee_brewer,electrical,running_watts,1400,W,,,verified,false,official,brand_product_page,https://commercial.keurig.com/content/brewers/k1500-series,Keurig · K1500 commercial pod coffee machine official specifications,"Keurig official specifications page: Power 1,400 watts / Voltage 120V. Pod-machine basis, brewing stage",2026-08-01,medium
coffee-maker,Coffee maker,cooking,coffee_brewer,electrical,running_watts_low,,W,,,unknown,false,,,,,,,unknown
coffee-maker,Coffee maker,cooking,coffee_brewer,electrical,running_watts_high,1400,W,,,verified,false,official,brand_product_page,https://commercial.keurig.com/content/brewers/k1500-series,Keurig · K1500 commercial pod coffee machine official specifications,Manufacturer-stated; conditions not specified,2026-08-01,medium
coffee-maker,Coffee maker,cooking,coffee_brewer,electrical,startup_surge_multiplier,,ratio,,,unknown,false,,,,,,,unknown
coffee-maker,Coffee maker,cooking,coffee_brewer,electrical,startup_surge_watts,,W,,,unknown,false,,,,,,,unknown
coffee-maker,Coffee maker,cooking,coffee_brewer,electrical,surge_duration_ms,,ms,,,unknown,false,,,,,,,unknown
coffee-maker,Coffee maker,cooking,coffee_brewer,electrical,motor_type,none,,,,verified,false,official,brand_manual_pdf,https://www.useandcaremanuals.com/pdf/CM1060_IB_11973_00_revised.pdf,BLACK+DECKER · CM1060 coffee maker use and care manual,,2026-08-01,medium
coffee-maker,Coffee maker,cooking,coffee_brewer,electrical,power_factor,,ratio,,,unknown,false,,,,,,,unknown
coffee-maker,Coffee maker,cooking,coffee_brewer,electrical,requires_pure_sine,,,,,unknown,false,,,,,,,unknown
coffee-maker,Coffee maker,cooking,coffee_brewer,electrical,standby_watts,,W,,,unknown,false,,,,,,,unknown
coffee-maker,Coffee maker,cooking,coffee_brewer,duty_cycle,default_duty_cycle,1,ratio,,,verified,false,official,brand_product_page,https://commercial.keurig.com/content/brewers/k1500-series,Keurig · K1500 commercial pod coffee machine official specifications,The brewing stage is treated as continuous full power. No source was found for the keep-warm stage's duty cycle,2026-08-01,low
coffee-maker,Coffee maker,cooking,coffee_brewer,duty_cycle,cycle_period_min,,min,,,unknown,false,,,,,,,unknown
coffee-maker,Coffee maker,cooking,coffee_brewer,duty_cycle,typical_daily_runtime_h,2,h,,,verified,false,official,brand_manual_pdf,https://www.useandcaremanuals.com/pdf/CM1060_IB_11973_00_revised.pdf,BLACK+DECKER · CM1060 coffee maker use and care manual,Manufacturer states the warming plate automatically stops keeping the coffee warm after 2 hours (or can be switched off manually),2026-08-01,medium
coffee-maker,Coffee maker,cooking,coffee_brewer,duty_cycle,typical_uses_per_day,,cycles,,,unknown,false,,,,,,,unknown
coffee-maker,Coffee maker,cooking,coffee_brewer,duty_cycle,minutes_per_use,,min,,,unknown,false,,,,,,,unknown
cpap-machine,CPAP machine,medical,pap_therapy_device,electrical,running_watts,22,W,7,44,verified,false,official,brand_spec_sheet,https://document.resmed.com/documents/products/machine/air10-lumis-series/Power+consumption+Air10+devices.pdf,ResMed · Air10 series measured power consumption table (doc 1018673/1),"ResMed official measured power consumption table (doc 1018673/1), AirSense 10 AutoSet “Running mode (device + humidifier)” = 22 Watt Hour. Test conditions as published: “Tests conducted with a typical patient file (500ml, 15BPM) running on the ASL 5000 and using Yokogawa WT110 Power Meter.” Device settings: AutoSet, pressure 8–15 cmH2O, EPR 2, humidity level 6, temperature 28 °C",2026-08-01,high
cpap-machine,CPAP machine,medical,pap_therapy_device,electrical,running_watts_low,7,W,,,verified,false,official,brand_spec_sheet,https://document.resmed.com/documents/products/machine/air10-lumis-series/Power+consumption+Air10+devices.pdf,ResMed · Air10 series measured power consumption table (doc 1018673/1),AirSense 10 AutoSet “Running mode (device only)” = 7 Watt Hour (humidifier off),2026-08-01,high
cpap-machine,CPAP machine,medical,pap_therapy_device,electrical,running_watts_high,44,W,,,verified,false,official,brand_spec_sheet,https://document.resmed.com/documents/products/machine/air10-lumis-series/Power+consumption+Air10+devices.pdf,ResMed · Air10 series measured power consumption table (doc 1018673/1),AirCurve 10 CS PaceWave “Running mode (device + humidifier + ClimateLineAir)” = 44 Watt Hour (the highest in this appliance class),2026-08-01,high
cpap-machine,CPAP machine,medical,pap_therapy_device,electrical,startup_surge_multiplier,,ratio,,,unknown,false,,,,,,,unknown
cpap-machine,CPAP machine,medical,pap_therapy_device,electrical,startup_surge_watts,,W,,,unknown,false,,,,,,,unknown
cpap-machine,CPAP machine,medical,pap_therapy_device,electrical,surge_duration_ms,,ms,,,unknown,false,,,,,,,unknown
cpap-machine,CPAP machine,medical,pap_therapy_device,electrical,motor_type,bldc_inverter,,,,verified,false,official,brand_manual_pdf,https://document.resmed.com/documents/products/machine/airsense-11/user-guide/airsense11_user-guide_amer_mul.pdf,"ResMed · AirSense 11 user guide, technical specifications",,2026-08-01,medium
cpap-machine,CPAP machine,medical,pap_therapy_device,electrical,power_factor,0.5,ratio,0.5,0.53,verified,false,official,brand_manual_pdf,https://document.resmed.com/documents/products/machine/airsense-11/user-guide/airsense11_user-guide_amer_mul.pdf,"ResMed · AirSense 11 user guide, technical specifications","The ResMed AirSense 11 technical specifications give both a W and a VA figure: “Typical power consumption 56.1W (111.5VA)”, “Peak power consumption 73.2W (137.6VA)”; 56.1/111.5 = 0.50",2026-08-01,high
cpap-machine,CPAP machine,medical,pap_therapy_device,electrical,requires_pure_sine,true,,,,verified,false,official,brand_support_kb,https://document.resmed.com/documents/articles/198103_battery-guide_glo_eng.pdf,ResMed · battery power guide (doc 198103/7),"ResMed official battery power guide (doc 198103/7), verbatim: “While we recommend using DC-to-DC converters, if you must use a DC-to-AC inverter, you can do so with some ResMed devices. ... We recommend using a pure sine wave inverter with a continuous power rating of 300 watts and a peak/surge rating of 500 watts.”",2026-08-01,high
cpap-machine,CPAP machine,medical,pap_therapy_device,electrical,standby_watts,5,W,,,verified,false,official,brand_spec_sheet,https://document.resmed.com/documents/products/machine/air10-lumis-series/Power+consumption+Air10+devices.pdf,ResMed · Air10 series measured power consumption table (doc 1018673/1),ResMed official power consumption table: “Standby mode” is 5 Watt Hour across the whole Air10 range,2026-08-01,high
cpap-machine,CPAP machine,medical,pap_therapy_device,duty_cycle,default_duty_cycle,1,ratio,,,verified,false,official,brand_manual_pdf,https://www.documents.philips.com/assets/Instruction%20for%20Use/20211202/7e52e95bb1a343a4a223adf201582311.pdf,Philips Respironics · DreamStation 2 instructions for use,"Philips DreamStation 2 technical specifications: “Mode of Operation  Continuous” — it runs continuously during therapy, with no on/off cycling",2026-08-01,high
cpap-machine,CPAP machine,medical,pap_therapy_device,duty_cycle,typical_daily_runtime_h,8,h,,,verified,false,official,brand_support_kb,https://document.resmed.com/documents/articles/198103_battery-guide_glo_eng.pdf,ResMed · battery power guide (doc 198103/7),"ResMed's official battery-sizing basis, verbatim: “All battery sizes are based on 8-hour usage and include a 50% safety margin.”",2026-08-01,high
cpap-machine,CPAP machine,medical,pap_therapy_device,energy,daily_wh,176,Wh,56,272,verified,false,official,brand_spec_sheet,https://document.resmed.com/documents/products/machine/air10-lumis-series/Power+consumption+Air10+devices.pdf,ResMed · Air10 series measured power consumption table (doc 1018673/1),"Derived: 22 W (AirSense 10 AutoSet, humidifier on) × 8 h",2026-08-01,medium
desktop-pc,Desktop PC,electronics_computing,desktop_computer,electrical,running_watts,13.18,W,2.3,37.1,verified,false,official,government_standard,https://data.energystar.gov/resource/rxdj-2c88.json,ENERGY STAR · certified computers measured-product dataset (Socrata API),"ENERGY STAR certified computers dataset, measured aggregate: type='Desktop', n=281, short-idle power mean 13.18 W (2.3–37.1 W)",2026-08-01,high
desktop-pc,Desktop PC,electronics_computing,desktop_computer,electrical,running_watts_low,2.3,W,,,verified,false,official,government_standard,https://data.energystar.gov/resource/rxdj-2c88.json,ENERGY STAR · certified computers measured-product dataset (Socrata API),"Minimum observed value across all desktops, short idle",2026-08-01,high
desktop-pc,Desktop PC,electronics_computing,desktop_computer,electrical,running_watts_high,37.1,W,,,verified,false,official,government_standard,https://data.energystar.gov/resource/rxdj-2c88.json,ENERGY STAR · certified computers measured-product dataset (Socrata API),"Maximum observed value across all desktops, short idle (the discrete-GPU subset is also 37.1)",2026-08-01,high
desktop-pc,Desktop PC,electronics_computing,desktop_computer,electrical,startup_surge_multiplier,6.9,ratio,,,verified,false,official,brand_spec_sheet,https://www.meanwell.com/Upload/PDF/RPS-500/RPS-500-SPEC.PDF,Mean Well · RPS-500 500W switching power supply data sheet (inrush current and power factor),"Mean Well RPS-500 (500 W active-PFC switching power supply) data sheet: “INRUSH CURRENT (Typ.) COLD START 40A/115VAC 80A/230VAC” against “AC CURRENT (Typ.) 5.8A/115VAC”, a ratio of 6.9",2026-08-01,medium
desktop-pc,Desktop PC,electronics_computing,desktop_computer,electrical,startup_surge_watts,4600,W,,,verified,false,official,brand_spec_sheet,https://www.meanwell.com/Upload/PDF/RPS-500/RPS-500-SPEC.PDF,Mean Well · RPS-500 500W switching power supply data sheet (inrush current and power factor),Derived: 40 A/115 VAC cold-start inrush × 115 V = 4600 VA instantaneous peak (millisecond-scale),2026-08-01,medium
desktop-pc,Desktop PC,electronics_computing,desktop_computer,electrical,surge_duration_ms,50,ms,,,verified,false,official,brand_spec_sheet,https://theswissbay.ch/pdf/Datasheets/ATX12V_PSDG_2_2_public_br2.pdf,Intel · ATX12V power supply design guide v2.2 (inrush duration definition),"Intel ATX12V power supply design guide v2.2 §3.1.2, verbatim: “Maximum inrush current from power-on (with power on at any point on the AC sine) and including, but not limited to, three line cycles, shall be limited to a level below the surge rating of the input line cord, AC switch if present, bridge rectifier, fuse, and EMI filter components.” Three line cycles at 60 Hz = 50 ms",2026-08-01,high
desktop-pc,Desktop PC,electronics_computing,desktop_computer,electrical,motor_type,none,,,,verified,false,official,government_standard,https://data.energystar.gov/resource/rxdj-2c88.json,ENERGY STAR · certified computers measured-product dataset (Socrata API),,2026-08-01,high
desktop-pc,Desktop PC,electronics_computing,desktop_computer,electrical,power_factor,0.9,ratio,0.9,0.98,verified,false,official,,https://www.clearesult.com/80plus/program-details,80 PLUS · certification program technical requirements (efficiency and power factor),"80 PLUS certification program technical requirements, verbatim: “requires power supplies in computers and servers to be 80% energy efficient or greater at 10%, 20%, 50% and 100% of rated load with a true power factor of 0.9 or higher.”",2026-08-01,high
desktop-pc,Desktop PC,electronics_computing,desktop_computer,electrical,requires_pure_sine,true,,,,verified,false,official,brand_support_kb,https://www.cyberpowersystems.com/news/pfc-sinewave-series-ups-systems,CyberPower · note on active-PFC power supplies and modified sine wave UPS compatibility,"The basis is the manufacturer's general warning about active-PFC power supplies, not a statement about any specific computer. CyberPower, verbatim: “Protecting the equipment that uses an Active PFC power supply with a non-sine wave UPS can cause hard shutdown and catastrophic failure!” “Simulated sine wave output waveform produces a zero output state during the phase change cycle resulting in a power ‘gap’. This gap may cause power interruption for equipment with Active PFC power supplies”",2026-08-01,medium
desktop-pc,Desktop PC,electronics_computing,desktop_computer,electrical,standby_watts,0.62,W,0.62,1.87,verified,false,official,government_standard,https://data.energystar.gov/resource/rxdj-2c88.json,ENERGY STAR · certified computers measured-product dataset (Socrata API),"ENERGY STAR dataset, desktop off-mode measured mean 0.62 W; sleep-mode mean 1.87 W (discrete-GPU subset 2.13 W)",2026-08-01,high
desktop-pc,Desktop PC,electronics_computing,desktop_computer,duty_cycle,default_duty_cycle,1,ratio,,,verified,false,official,government_standard,https://data.energystar.gov/resource/rxdj-2c88.json,ENERGY STAR · certified computers measured-product dataset (Socrata API),Continuous load,2026-08-01,high
desktop-pc,Desktop PC,electronics_computing,desktop_computer,duty_cycle,typical_daily_runtime_h,,h,,,unknown,false,,,,,,,unknown
desktop-pc,Desktop PC,electronics_computing,desktop_computer,energy,annual_kwh,49.6,kWh,,,verified,false,official,government_standard,https://data.energystar.gov/resource/rxdj-2c88.json,ENERGY STAR · certified computers measured-product dataset (Socrata API),"ENERGY STAR dataset, desktop TEC mean 49.6 kWh/year (n=281); discrete-GPU subset 74.3 kWh/year",2026-08-01,high
diesel-heater,Diesel air heater,hvac_heating,diesel_air_heater,electrical,running_watts,34,W,4,40,verified,false,official,brand_manual_pdf,https://eberspacherdirect.com/wp-content/uploads/2020/09/Eberspacher-Airtronic-D2-Manual-Technical-Description.pdf,Eberspächer · Airtronic D2/D4 technical description,Eberspächer Airtronic D2 technical description: Elektr. power consumption (watt) in operation = 34 / 23 / 12 / 8 / 4 (corresponding to the five control settings Power / Large / Medium / Small / Off),2026-08-01,high
diesel-heater,Diesel air heater,hvac_heating,diesel_air_heater,electrical,running_watts_low,4,W,,,verified,false,official,brand_manual_pdf,https://eberspacherdirect.com/wp-content/uploads/2020/09/Eberspacher-Airtronic-D2-Manual-Technical-Description.pdf,Eberspächer · Airtronic D2/D4 technical description,"Airtronic D2, control setting Off (the blower still cycles): 4 W; D4 is 5 W",2026-08-01,high
diesel-heater,Diesel air heater,hvac_heating,diesel_air_heater,electrical,running_watts_high,40,W,,,verified,false,official,brand_manual_pdf,https://eberspacherdirect.com/wp-content/uploads/2020/09/Eberspacher-Airtronic-D2-Manual-Technical-Description.pdf,Eberspächer · Airtronic D2/D4 technical description,Airtronic D4 at the highest setting: 40 W (D2 is 34 W),2026-08-01,high
diesel-heater,Diesel air heater,hvac_heating,diesel_air_heater,electrical,startup_surge_multiplier,2.94,ratio,2.94,12.5,verified,false,official,brand_manual_pdf,https://eberspacherdirect.com/wp-content/uploads/2020/09/Eberspacher-Airtronic-D2-Manual-Technical-Description.pdf,Eberspächer · Airtronic D2/D4 technical description,"The same Eberspächer technical description table: “at start ≤100” W vs. 34 W running at the highest setting, a ratio of ≤2.94; against the lowest setting of 8 W it reaches 12.5×",2026-08-01,high
diesel-heater,Diesel air heater,hvac_heating,diesel_air_heater,electrical,startup_surge_watts,100,W,,,verified,false,official,brand_manual_pdf,https://eberspacherdirect.com/wp-content/uploads/2020/09/Eberspacher-Airtronic-D2-Manual-Technical-Description.pdf,Eberspächer · Airtronic D2/D4 technical description,"Eberspächer technical description, verbatim: “at start ≤100” W (Airtronic D2 and D4 are both ≤100 W, common to both 12 and 24 V)",2026-08-01,high
diesel-heater,Diesel air heater,hvac_heating,diesel_air_heater,electrical,surge_duration_ms,60000,ms,60000,125000,verified,false,official,brand_manual_pdf,https://eberspacherdirect.com/wp-content/uploads/2020/09/Eberspacher-Airtronic-D2-Manual-Technical-Description.pdf,Eberspächer · Airtronic D2/D4 technical description,"Eberspächer start-up sequence, verbatim: “After approx. 65 seconds the fuel supply starts... Once the combined sensor (flame sensor) has detected the flame, the glow plug is switched off after 60 seconds.” The glow plug is energized for about 60–125 seconds",2026-08-01,high
diesel-heater,Diesel air heater,hvac_heating,diesel_air_heater,electrical,motor_type,bldc_inverter,,,,verified,false,official,brand_manual_pdf,https://eberspacherdirect.com/wp-content/uploads/2020/09/Eberspacher-Airtronic-D2-Manual-Technical-Description.pdf,Eberspächer · Airtronic D2/D4 technical description,,2026-08-01,low
diesel-heater,Diesel air heater,hvac_heating,diesel_air_heater,electrical,power_factor,,ratio,,,unknown,false,,,,,,,unknown
diesel-heater,Diesel air heater,hvac_heating,diesel_air_heater,electrical,requires_pure_sine,,,,,unknown,false,,,,,,,unknown
diesel-heater,Diesel air heater,hvac_heating,diesel_air_heater,electrical,standby_watts,4,W,,,verified,false,official,brand_manual_pdf,https://eberspacherdirect.com/wp-content/uploads/2020/09/Eberspacher-Airtronic-D2-Manual-Technical-Description.pdf,Eberspächer · Airtronic D2/D4 technical description,Airtronic D2's Off control setting still draws 4 W (the blower cycles at an airflow of 13 kg/h); D4 is 5 W,2026-08-01,high
diesel-heater,Diesel air heater,hvac_heating,diesel_air_heater,duty_cycle,default_duty_cycle,1,ratio,,,verified,false,official,brand_manual_pdf,https://eberspacherdirect.com/wp-content/uploads/2020/09/Eberspacher-Airtronic-D2-Manual-Technical-Description.pdf,Eberspächer · Airtronic D2/D4 technical description,Value taken assuming continuous running while the thermostat calls for heat; the manufacturer does not publish the temperature-control cycling duty cycle,2026-08-01,medium
diesel-heater,Diesel air heater,hvac_heating,diesel_air_heater,duty_cycle,cycle_period_min,10,min,,,verified,false,official,brand_manual_pdf,https://poesslforum.de/media/kunena/attachments/10374/Webasto_Airtop_2000STC_Workshop_manual.pdf,Webasto · Air Top 2000 STC service manual,"Webasto: during continuous operation, fuel pump output is reduced for 10 seconds every 10 minutes",2026-08-01,medium
diesel-heater,Diesel air heater,hvac_heating,diesel_air_heater,duty_cycle,typical_daily_runtime_h,,h,,,unknown,false,,,,,,,unknown
electric-blanket,Electric blanket,hvac_heating,heated_bedding,electrical,running_watts,60,W,55,100,verified,false,official,brand_manual_pdf,https://pim.beurer.com/images/attribut/TS15%20Single-Double_2022-04-27_03_IM_BEU-UK.pdf,"Beurer · TS 15 electric blanket instructions for use, technical data table","Beurer TS 15 Single instructions for use, technical data table: Type STW-Q, Supply Voltage 220–240 V / 50–60 Hz, Input 55-65 W (EU single size)",2026-08-01,high
electric-blanket,Electric blanket,hvac_heating,heated_bedding,electrical,running_watts_low,60,W,55,65,verified,false,official,brand_manual_pdf,https://pim.beurer.com/images/attribut/TS15%20Single-Double_2022-04-27_03_IM_BEU-UK.pdf,"Beurer · TS 15 electric blanket instructions for use, technical data table",TS 15 Single (single size): Input 55-65 W,2026-08-01,high
electric-blanket,Electric blanket,hvac_heating,heated_bedding,electrical,running_watts_high,92,W,85,100,verified,false,official,brand_manual_pdf,https://pim.beurer.com/images/attribut/TS15%20Single-Double_2022-04-27_03_IM_BEU-UK.pdf,"Beurer · TS 15 electric blanket instructions for use, technical data table",TS 15 Double (double size): Input 85-100 W,2026-08-01,high
electric-blanket,Electric blanket,hvac_heating,heated_bedding,electrical,startup_surge_multiplier,,ratio,,,unknown,false,,,,,,,unknown
electric-blanket,Electric blanket,hvac_heating,heated_bedding,electrical,startup_surge_watts,,W,,,unknown,false,,,,,,,unknown
electric-blanket,Electric blanket,hvac_heating,heated_bedding,electrical,surge_duration_ms,,ms,,,unknown,false,,,,,,,unknown
electric-blanket,Electric blanket,hvac_heating,heated_bedding,electrical,motor_type,none,,,,verified,false,official,brand_manual_pdf,https://pim.beurer.com/images/attribut/TS15%20Single-Double_2022-04-27_03_IM_BEU-UK.pdf,"Beurer · TS 15 electric blanket instructions for use, technical data table",,2026-08-01,high
electric-blanket,Electric blanket,hvac_heating,heated_bedding,electrical,power_factor,,ratio,,,unknown,false,,,,,,,unknown
electric-blanket,Electric blanket,hvac_heating,heated_bedding,electrical,requires_pure_sine,,,,,unknown,false,,,,,,,unknown
electric-blanket,Electric blanket,hvac_heating,heated_bedding,electrical,standby_watts,,W,,,unknown,false,,,,,,,unknown
electric-blanket,Electric blanket,hvac_heating,heated_bedding,duty_cycle,default_duty_cycle,1,ratio,,,verified,false,official,brand_manual_pdf,https://pim.beurer.com/images/attribut/TS15%20Single-Double_2022-04-27_03_IM_BEU-UK.pdf,"Beurer · TS 15 electric blanket instructions for use, technical data table",Conservative value assuming the heating wire is continuously on; none of the three manufacturers (Beurer / Sunbeam / Biddeford) publish the thermostat cycling duty cycle,2026-08-01,low
electric-blanket,Electric blanket,hvac_heating,heated_bedding,duty_cycle,cycle_period_min,,min,,,unknown,false,,,,,,,unknown
electric-blanket,Electric blanket,hvac_heating,heated_bedding,duty_cycle,typical_daily_runtime_h,10,h,3,10,verified,false,official,brand_manual_pdf,https://manuals.plus/sunbeam/heated-bedding-manual,Sunbeam · heated bedding instructions for use,Manufacturer's automatic shutoff ceiling: “automatically turning your blanket or mattress pad off after 10 hours of continuous use (3 hours for throws)”,2026-08-01,medium
electric-kettle,Electric kettle,cooking,water_boiler,electrical,running_watts,1500,W,,,verified,false,official,brand_manual_pdf,https://useandcares.hamiltonbeach.com/files/840228502.pdf,"Hamilton Beach · 1.7L Glass Kettle use and care manual (doc 840228502, 09/18), nameplate ratings table","Manufacturer manual, last-page ratings table, verbatim: Modelos 40864, 40865, 40866, 40869, 40876 / Tipo K39 / Características Eléctricas “120 V~ 60 Hz 1500 W”. US 120 V mains, full-power boil setting, not an average value",2026-08-07,high
electric-kettle,Electric kettle,cooking,water_boiler,electrical,running_watts_low,,W,,,unknown,false,,,,,,,unknown
electric-kettle,Electric kettle,cooking,water_boiler,electrical,running_watts_high,,W,,,unknown,false,,,,,,,unknown
electric-kettle,Electric kettle,cooking,water_boiler,electrical,startup_surge_multiplier,,ratio,,,unknown,false,,,,,,,unknown
electric-kettle,Electric kettle,cooking,water_boiler,electrical,startup_surge_watts,,W,,,unknown,false,,,,,,,unknown
electric-kettle,Electric kettle,cooking,water_boiler,electrical,surge_duration_ms,,ms,,,unknown,false,,,,,,,unknown
electric-kettle,Electric kettle,cooking,water_boiler,electrical,motor_type,none,,,,verified,false,official,brand_manual_pdf,https://useandcares.hamiltonbeach.com/files/840252201.pdf,Hamilton Beach · electric kettle use and care manual,,2026-08-01,high
electric-kettle,Electric kettle,cooking,water_boiler,electrical,power_factor,,ratio,,,unknown,false,,,,,,,unknown
electric-kettle,Electric kettle,cooking,water_boiler,electrical,requires_pure_sine,,,,,unknown,false,,,,,,,unknown
electric-kettle,Electric kettle,cooking,water_boiler,electrical,standby_watts,,W,,,unknown,false,,,,,,,unknown
electric-kettle,Electric kettle,cooking,water_boiler,duty_cycle,default_duty_cycle,1,ratio,,,verified,false,official,brand_manual_pdf,https://useandcares.hamiltonbeach.com/files/840252201.pdf,Hamilton Beach · electric kettle use and care manual,"Manufacturer, verbatim: Kettle will automatically shut off when water has boiled — full power continuously until boiling, then power cuts off",2026-08-01,high
electric-kettle,Electric kettle,cooking,water_boiler,duty_cycle,typical_daily_runtime_h,,h,,,unknown,false,,,,,,,unknown
electric-kettle,Electric kettle,cooking,water_boiler,duty_cycle,minutes_per_use,,min,,,unknown,false,,,,,,,unknown
electric-kettle,Electric kettle,cooking,water_boiler,duty_cycle,typical_uses_per_day,,cycles,,,unknown,false,,,,,,,unknown
electric-kettle,Electric kettle,cooking,water_boiler,energy,per_use_wh,,Wh,,,unknown,false,,,,,,,unknown
gas-furnace-blower,Gas furnace blower,hvac_heating,furnace_circulator_blower,electrical,running_watts,548,W,422,548,verified,false,official,government_standard,https://www.energy.gov/sites/prod/files/2014/02/f7/case_study_variablespeed_furnacemotor.pdf,US DOE Building America · measured case study of variable-speed furnace blower motors,"Derived value. The DOE Building America measured case study states “On average, the Concept 3 motors used 126 Watts (23%) less during heating mode”; back-calculating gives about 548 W for a conventional PSC blower in heating mode and about 422 W for a BPM/ECM blower",2026-08-01,medium
gas-furnace-blower,Gas furnace blower,hvac_heating,furnace_circulator_blower,electrical,running_watts_low,422,W,,,verified,false,official,government_standard,https://www.energy.gov/sites/prod/files/2014/02/f7/case_study_variablespeed_furnacemotor.pdf,US DOE Building America · measured case study of variable-speed furnace blower motors,"Derived: ECM/BPM blower in heating mode, obtained by subtracting 126 W from the PSC figure of 548 W",2026-08-01,medium
gas-furnace-blower,Gas furnace blower,hvac_heating,furnace_circulator_blower,electrical,running_watts_high,548,W,,,verified,false,official,government_standard,https://www.energy.gov/sites/prod/files/2014/02/f7/case_study_variablespeed_furnacemotor.pdf,US DOE Building America · measured case study of variable-speed furnace blower motors,Derived: PSC blower in heating mode,2026-08-01,medium
gas-furnace-blower,Gas furnace blower,hvac_heating,furnace_circulator_blower,electrical,startup_surge_multiplier,,ratio,,,unknown,false,,,,,,,unknown
gas-furnace-blower,Gas furnace blower,hvac_heating,furnace_circulator_blower,electrical,startup_surge_watts,,W,,,unknown,false,,,,,,,unknown
gas-furnace-blower,Gas furnace blower,hvac_heating,furnace_circulator_blower,electrical,surge_duration_ms,,ms,,,unknown,false,,,,,,,unknown
gas-furnace-blower,Gas furnace blower,hvac_heating,furnace_circulator_blower,electrical,motor_type,induction,,,,verified,false,official,brand_spec_sheet,https://electricmotorwarehouse.com/content/PDF/fasco_catalog.pdf,Fasco · full-line motor catalog (direct-drive blower motor amperage tables),In the Fasco catalog the TYPE column for direct-drive blower motors reads PSC (permanent split capacitor); typical 115 V/1075 RPM row: D701 1/2-1/3-1/4-1/5 HP against 7.7-5.5-4.2-3.3 A,2026-08-01,medium
gas-furnace-blower,Gas furnace blower,hvac_heating,furnace_circulator_blower,electrical,power_factor,,ratio,,,unknown,false,,,,,,,unknown
gas-furnace-blower,Gas furnace blower,hvac_heating,furnace_circulator_blower,electrical,requires_pure_sine,,,,,unknown,false,,,,,,,unknown
gas-furnace-blower,Gas furnace blower,hvac_heating,furnace_circulator_blower,electrical,standby_watts,,W,,,unknown,false,,,,,,,unknown
gas-furnace-blower,Gas furnace blower,hvac_heating,furnace_circulator_blower,duty_cycle,default_duty_cycle,,ratio,,,unknown,false,,,,,,,unknown
gas-furnace-blower,Gas furnace blower,hvac_heating,furnace_circulator_blower,duty_cycle,cycle_period_min,,min,,,unknown,false,,,,,,,unknown
gas-furnace-blower,Gas furnace blower,hvac_heating,furnace_circulator_blower,duty_cycle,typical_daily_runtime_h,,h,,,unknown,false,,,,,,,unknown
hair-dryer,Hair dryer,personal_care,handheld_hair_dryer,electrical,running_watts,1875,W,,,verified,false,official,brand_manual_pdf,https://www.conair.com/on/demandware.static/-/Library-Sites-usConairShared/default/dw4bc51039/Instructional%20Booklets/285N.pdf,"Conair · 1875 Watt Turbo Dryer Instruction & Styling Guide (285 MODELS, US version)","Nameplate rated power — the manufacturer prints it directly as watts. The manual’s “GETTING TO KNOW YOUR HAIR DRYER” caption reads, verbatim, “1875 watts” and “3 heat/speed settings”; the supply condition is stated verbatim in the OPERATING INSTRUCTIONS section: “Use on Alternating Current (60 hertz) only. Standard dryers are designed to operate at 110 to 125 volts AC.” Two other manuals from the same brand independently reproduce the same number: the 530 series caption likewise reads “1875 watts”, and the Model 127L features column reads “1875 watts of drying power” — three different product lines, three documents, the same number.

Basis statement (a VA-in-disguise edge case): the manual has a separate section titled “1875 WATT OPERATING GUIDE”, whose body warns that sharing a circuit with other appliances can “trip a 15 amp circuit breaker or blow a 15 amp fuse”; the Model 127L manual states “This appliance was set at the factory to operate at 125 volts”. Together these two statements show that the 1875 rating and the capacity of a 15 A circuit at 125 V are the same number. This site accepts the manufacturer-printed watts figure (see _readme item four: the manufacturer prints W directly, that amperage is a circuit-breaker rating rather than a measured current, and a hair dryer's power factor is close to 1), but it is a nameplate rating, not measured real power, and pages must not claim otherwise.",2026-08-09,high
hair-dryer,Hair dryer,personal_care,handheld_hair_dryer,electrical,startup_surge_multiplier,,ratio,,,unknown,false,,,,,,,unknown
hair-dryer,Hair dryer,personal_care,handheld_hair_dryer,electrical,startup_surge_watts,,W,,,unknown,false,,,,,,,unknown
hair-dryer,Hair dryer,personal_care,handheld_hair_dryer,electrical,surge_duration_ms,,ms,,,unknown,false,,,,,,,unknown
hair-dryer,Hair dryer,personal_care,handheld_hair_dryer,electrical,motor_type,,,,,unknown,false,,,,,,,unknown
hair-dryer,Hair dryer,personal_care,handheld_hair_dryer,electrical,power_factor,,ratio,,,unknown,false,,,,,,,unknown
hair-dryer,Hair dryer,personal_care,handheld_hair_dryer,electrical,apparent_power_va,,VA,,,unknown,false,,,,,,,unknown
hair-dryer,Hair dryer,personal_care,handheld_hair_dryer,electrical,requires_pure_sine,,,,,unknown,false,,,,,,,unknown
hair-dryer,Hair dryer,personal_care,handheld_hair_dryer,electrical,standby_watts,,W,,,unknown,false,,,,,,,unknown
hair-dryer,Hair dryer,personal_care,handheld_hair_dryer,duty_cycle,default_duty_cycle,1,ratio,,,verified,false,official,brand_manual_pdf,https://www.conair.com/on/demandware.static/-/Library-Sites-usConairShared/default/dw4bc51039/Instructional%20Booklets/285N.pdf,"Conair · 285 series manual, OPERATING INSTRUCTIONS / SUPER STYLING GUIDE","A hair dryer draws power continuously at the selected setting for as long as the switch is closed, with no thermostat-style on/off cycling — this is fundamentally different from an aquarium heater (thermostat cuts off at temperature) or a refrigerator (compressor cycling). The manufacturer's manuals describe usage throughout as continuous motion: “Move dryer steadily across each section so that the hot air passes through hair”, “Keep dryer moving as you style”, with no automatic intermittent mechanism; the only automatic cutoff the manuals mention is overheat protection (a thermal breaker) and the leakage protection on the plug, both of which are fault protection, not a working cycle. This field is therefore set to 1.0 because that is how the mechanism works, not as a conservative rounding.

1.0 means only “drawing full power at the selected setting the whole time it is on” — it does not mean the dryer runs for long stretches in a day. Actual use is a few minutes at a time, and no manufacturer publishes a duration, so typical_daily_runtime_h is left empty and daily_wh cannot be calculated.",2026-08-09,medium
hair-dryer,Hair dryer,personal_care,handheld_hair_dryer,duty_cycle,cycle_period_min,,min,,,unknown,false,,,,,,,unknown
hair-dryer,Hair dryer,personal_care,handheld_hair_dryer,duty_cycle,typical_daily_runtime_h,,h,,,unknown,false,,,,,,,unknown
hair-dryer,Hair dryer,personal_care,handheld_hair_dryer,energy,daily_wh,,Wh,,,unknown,false,,,,,,,unknown
induction-cooktop,Portable induction cooktop,cooking,induction_hob,electrical,running_watts,1800,W,100,1800,verified,false,official,brand_manual_pdf,https://m.media-amazon.com/images/I/A18lN5iGZJL.pdf,Duxtop/Secura · E200A portable induction cooktop user manual,Manufacturer specification table: Power Source 120V/60Hz 15 amp circuit; Output 100 - 1800 watts (highest setting),2026-08-01,high
induction-cooktop,Portable induction cooktop,cooking,induction_hob,electrical,running_watts_low,100,W,,,verified,false,official,brand_manual_pdf,https://m.media-amazon.com/images/I/A18lN5iGZJL.pdf,Duxtop/Secura · E200A portable induction cooktop user manual,"Manufacturer power-level table, lowest setting 0.5 = 100 W (Simmer-keep warm)",2026-08-01,high
induction-cooktop,Portable induction cooktop,cooking,induction_hob,electrical,running_watts_high,1800,W,,,verified,false,official,brand_manual_pdf,https://m.media-amazon.com/images/I/A18lN5iGZJL.pdf,Duxtop/Secura · E200A portable induction cooktop user manual,"Manufacturer power-level table, highest setting 10 = 1800 W",2026-08-01,high
induction-cooktop,Portable induction cooktop,cooking,induction_hob,electrical,startup_surge_multiplier,,ratio,,,unknown,false,,,,,,,unknown
induction-cooktop,Portable induction cooktop,cooking,induction_hob,electrical,startup_surge_watts,,W,,,unknown,false,,,,,,,unknown
induction-cooktop,Portable induction cooktop,cooking,induction_hob,electrical,surge_duration_ms,,ms,,,unknown,false,,,,,,,unknown
induction-cooktop,Portable induction cooktop,cooking,induction_hob,electrical,motor_type,none,,,,verified,false,official,brand_manual_pdf,https://m.media-amazon.com/images/I/A18lN5iGZJL.pdf,Duxtop/Secura · E200A portable induction cooktop user manual,,2026-08-01,high
induction-cooktop,Portable induction cooktop,cooking,induction_hob,electrical,power_factor,,ratio,,,unknown,false,,,,,,,unknown
induction-cooktop,Portable induction cooktop,cooking,induction_hob,electrical,requires_pure_sine,,,,,unknown,false,,,,,,,unknown
induction-cooktop,Portable induction cooktop,cooking,induction_hob,electrical,standby_watts,,W,,,unknown,false,,,,,,,unknown
induction-cooktop,Portable induction cooktop,cooking,induction_hob,duty_cycle,default_duty_cycle,1,ratio,,,verified,false,official,brand_manual_pdf,https://m.media-amazon.com/images/I/A18lN5iGZJL.pdf,Duxtop/Secura · E200A portable induction cooktop user manual,"Once a Power Mode setting is selected, treated as continuous output",2026-08-01,low
induction-cooktop,Portable induction cooktop,cooking,induction_hob,duty_cycle,cycle_period_min,,min,,,unknown,false,,,,,,,unknown
induction-cooktop,Portable induction cooktop,cooking,induction_hob,duty_cycle,typical_daily_runtime_h,,h,,,unknown,false,,,,,,,unknown
induction-cooktop,Portable induction cooktop,cooking,induction_hob,duty_cycle,minutes_per_use,,min,,,unknown,false,,,,,,,unknown
laptop,Laptop computer,electronics_computing,notebook_computer,electrical,running_watts,5.23,W,0.2,12.6,verified,false,official,government_standard,https://data.energystar.gov/resource/rxdj-2c88.json,ENERGY STAR · certified computers measured-product dataset (Socrata API),"ENERGY STAR certified computers dataset, measured aggregate: type='Notebook', screen 13–16.5 inches, n=1016, mean short-idle power 5.23 W (min 0.2 / max 12.6). Tested at 115 V under the ENERGY STAR Computers specification",2026-08-01,high
laptop,Laptop computer,electronics_computing,notebook_computer,electrical,running_watts_low,3.91,W,,,verified,false,official,brand_spec_sheet,https://www.apple.com/environment/pdf/products/notebooks/MacBook_Pro_14-inch_PER_Oct2024.pdf,Apple · MacBook Pro 14-inch Product Environmental Report (measured power consumption),"Apple Product Environmental Report, measured: MacBook Pro 14"" M4, Idle—Display on 3.91 W. Test conditions: “System is on and has completed loading macOS. Display brightness was set as defined by ENERGY STAR Program Requirements for Computers and Auto-Brightness was turned off. Connected to Wi-Fi.”",2026-08-01,high
laptop,Laptop computer,electronics_computing,notebook_computer,electrical,running_watts_high,12.6,W,,,verified,false,official,government_standard,https://data.energystar.gov/resource/rxdj-2c88.json,ENERGY STAR · certified computers measured-product dataset (Socrata API),"ENERGY STAR dataset, maximum observed short-idle power for 13–16.5-inch notebooks",2026-08-01,high
laptop,Laptop computer,electronics_computing,notebook_computer,electrical,startup_surge_multiplier,25,ratio,,,verified,false,official,brand_spec_sheet,https://www.power-win.com/en/product-132075/65W-AC-DC-Desktop-AdaptorAC-Inlet-C14-PW-065A3-1YXXXA.html,Power-Win · PW-065A3 65W power adapter specification (includes cold-start inrush),"Power-Win PW-065A3 65 W adapter official specification: “< 50A peak @115VAC; < 100A peak @230VAC cold start @25°C”, against the same page's input current “2A @90VAC”, a ratio of about 25×",2026-08-01,medium
laptop,Laptop computer,electronics_computing,notebook_computer,electrical,startup_surge_watts,5750,W,,,verified,false,official,brand_spec_sheet,https://www.power-win.com/en/product-132075/65W-AC-DC-Desktop-AdaptorAC-Inlet-C14-PW-065A3-1YXXXA.html,Power-Win · PW-065A3 65W power adapter specification (includes cold-start inrush),Derived: < 50 A peak × 115 V = 5750 VA instantaneous peak (millisecond scale),2026-08-01,low
laptop,Laptop computer,electronics_computing,notebook_computer,electrical,surge_duration_ms,50,ms,,,verified,false,official,brand_spec_sheet,https://theswissbay.ch/pdf/Datasheets/ATX12V_PSDG_2_2_public_br2.pdf,Intel · ATX12V power supply design guide v2.2 (inrush duration definition),"Intel ATX12V design guide v2.2: inrush is limited to “three line cycles”, 50 ms at 60 Hz",2026-08-01,medium
laptop,Laptop computer,electronics_computing,notebook_computer,electrical,motor_type,none,,,,verified,false,official,brand_spec_sheet,https://www.apple.com/environment/pdf/products/notebooks/MacBook_Pro_14-inch_PER_Oct2024.pdf,Apple · MacBook Pro 14-inch Product Environmental Report (measured power consumption),,2026-08-01,high
laptop,Laptop computer,electronics_computing,notebook_computer,electrical,power_factor,,ratio,,,unknown,false,,,,,,,unknown
laptop,Laptop computer,electronics_computing,notebook_computer,electrical,requires_pure_sine,,,,,unknown,false,,,,,,,unknown
laptop,Laptop computer,electronics_computing,notebook_computer,electrical,standby_watts,0.22,W,0.13,0.45,verified,false,official,brand_spec_sheet,https://www.apple.com/environment/pdf/products/notebooks/MacBook_Pro_14-inch_PER_Oct2024.pdf,Apple · MacBook Pro 14-inch Product Environmental Report (measured power consumption),"Apple measured: MacBook Pro 14"" M4 sleep 0.22 W, off 0.13 W; 16"" M4 Max sleep 0.45 W, off 0.23 W",2026-08-01,high
laptop,Laptop computer,electronics_computing,notebook_computer,duty_cycle,default_duty_cycle,1,ratio,,,verified,false,official,government_standard,https://data.energystar.gov/resource/rxdj-2c88.json,ENERGY STAR · certified computers measured-product dataset (Socrata API),"Continuous load, no on/off cycling",2026-08-01,high
laptop,Laptop computer,electronics_computing,notebook_computer,duty_cycle,typical_daily_runtime_h,,h,,,unknown,false,,,,,,,unknown
laptop,Laptop computer,electronics_computing,notebook_computer,energy,annual_kwh,14.02,kWh,,,verified,false,official,government_standard,https://data.energystar.gov/resource/rxdj-2c88.json,ENERGY STAR · certified computers measured-product dataset (Socrata API),"ENERGY STAR dataset, 13–16.5-inch notebooks TEC (typical annual energy consumption) mean 14.02 kWh/year, n=1016",2026-08-01,high
led-light-bulb,LED light bulb,lighting,led_lamp,electrical,running_watts,8.5,W,8.5,14.5,verified,false,official,brand_spec_sheet,https://images.philips.com/is/content/PhilipsConsumer/PDFDownloads/United%20States/ODLI20160908_001_UPD_en_US_Philips_Basic_LED_Lamps_Sell_Sheet-SD0717A.pdf,Philips · Basic LED bulb product data sheet,"Philips Basic LED product data sheet: model 8.5A19/LED/827 ND 120V, 60W Non-Dim equivalent, A19/E26, 8.5 W, 10,950 h life, 800 lm, CRI >80, 2700 K",2026-08-01,high
led-light-bulb,LED light bulb,lighting,led_lamp,electrical,running_watts_low,8.5,W,,,verified,false,official,brand_spec_sheet,https://images.philips.com/is/content/PhilipsConsumer/PDFDownloads/United%20States/ODLI20160908_001_UPD_en_US_Philips_Basic_LED_Lamps_Sell_Sheet-SD0717A.pdf,Philips · Basic LED bulb product data sheet,60 W equivalent model (800 lm),2026-08-01,high
led-light-bulb,LED light bulb,lighting,led_lamp,electrical,running_watts_high,14.5,W,,,verified,false,official,brand_spec_sheet,https://images.philips.com/is/content/PhilipsConsumer/PDFDownloads/United%20States/ODLI20160908_001_UPD_en_US_Philips_Basic_LED_Lamps_Sell_Sheet-SD0717A.pdf,Philips · Basic LED bulb product data sheet,100 W equivalent model (1500 lm),2026-08-01,high
led-light-bulb,LED light bulb,lighting,led_lamp,electrical,startup_surge_multiplier,,ratio,,,unknown,false,,,,,,,unknown
led-light-bulb,LED light bulb,lighting,led_lamp,electrical,startup_surge_watts,,W,,,unknown,false,,,,,,,unknown
led-light-bulb,LED light bulb,lighting,led_lamp,electrical,surge_duration_ms,,ms,,,unknown,false,,,,,,,unknown
led-light-bulb,LED light bulb,lighting,led_lamp,electrical,motor_type,none,,,,verified,false,official,brand_spec_sheet,https://images.philips.com/is/content/PhilipsConsumer/PDFDownloads/United%20States/ODLI20160908_001_UPD_en_US_Philips_Basic_LED_Lamps_Sell_Sheet-SD0717A.pdf,Philips · Basic LED bulb product data sheet,,2026-08-01,high
led-light-bulb,LED light bulb,lighting,led_lamp,electrical,power_factor,0.6,ratio,0.6,0.7,verified,false,official,government_standard,https://www.energystar.gov/sites/default/files/Lamps%20V2.1%20Final%20Specification%20(Revised%20June%202020)_0.pdf,"ENERGY STAR · Lamps V2.1 specification (luminous efficacy, power factor, standby)",ENERGY STAR Lamps V2.1 §11.2 minimum requirement: “Solid-State — Omnidirectional lamps with rated/reported input power ≤ 10 watts shall have a reported value ≥ 0.6.” “All other lamps shall have a reported value ≥ 0.7.” (lamps ≤5 W are exempt),2026-08-01,high
led-light-bulb,LED light bulb,lighting,led_lamp,electrical,requires_pure_sine,,,,,unknown,false,,,,,,,unknown
led-light-bulb,LED light bulb,lighting,led_lamp,electrical,standby_watts,0,W,,,verified,false,official,government_standard,https://www.energystar.gov/sites/default/files/Lamps%20V2.1%20Final%20Specification%20(Revised%20June%202020)_0.pdf,"ENERGY STAR · Lamps V2.1 specification (luminous efficacy, power factor, standby)","ENERGY STAR Lamps V2.1 §11.7, verbatim: “Lamps without integral controls shall not draw power in the off mode.”",2026-08-01,high
led-light-bulb,LED light bulb,lighting,led_lamp,duty_cycle,default_duty_cycle,1,ratio,,,verified,false,official,brand_spec_sheet,https://images.philips.com/is/content/PhilipsConsumer/PDFDownloads/United%20States/ODLI20160908_001_UPD_en_US_Philips_Basic_LED_Lamps_Sell_Sheet-SD0717A.pdf,Philips · Basic LED bulb product data sheet,Continuous load while the bulb is on,2026-08-01,high
led-light-bulb,LED light bulb,lighting,led_lamp,duty_cycle,typical_daily_runtime_h,,h,,,unknown,false,,,,,,,unknown
led-light-bulb,LED light bulb,lighting,led_lamp,energy,annual_kwh,,kWh,,,unknown,false,,,,,,,unknown
microwave-oven,Microwave oven,cooking,countertop_microwave,electrical,running_watts,1480,W,1480,1550,verified,false,official,brand_manual_pdf,https://help.na.panasonic.com/wp-content/uploads/2023/02/NNSN67HS_SN686_PA0216-30817_ENG.pdf,"Panasonic · NN-SN686S/NN-SN67HS microwave oven owner's manual, specifications page","Manufacturer nameplate: at 120 V/60 Hz, Power Consumption 12.4 Amps, 1,480 W; corresponding Cooking Power 1,200 W (IEC test method)",2026-08-01,high
microwave-oven,Microwave oven,cooking,countertop_microwave,electrical,running_watts_low,1480,W,,,verified,false,official,brand_manual_pdf,https://help.na.panasonic.com/wp-content/uploads/2023/02/NNSN67HS_SN686_PA0216-30817_ENG.pdf,"Panasonic · NN-SN686S/NN-SN67HS microwave oven owner's manual, specifications page",Input power for the 1200 W output-class model,2026-08-01,high
microwave-oven,Microwave oven,cooking,countertop_microwave,electrical,running_watts_high,1550,W,,,verified,false,official,brand_manual_pdf,https://m.media-amazon.com/images/I/A1Pi0RLOmoL.pdf,"Toshiba · EM131A5C-BS microwave oven owner's manual, ratings table",Input power for the 1100 W output-class model,2026-08-01,high
microwave-oven,Microwave oven,cooking,countertop_microwave,electrical,startup_surge_multiplier,,ratio,,,unknown,false,,,,,,,unknown
microwave-oven,Microwave oven,cooking,countertop_microwave,electrical,startup_surge_watts,,W,,,unknown,false,,,,,,,unknown
microwave-oven,Microwave oven,cooking,countertop_microwave,electrical,surge_duration_ms,,ms,,,unknown,false,,,,,,,unknown
microwave-oven,Microwave oven,cooking,countertop_microwave,electrical,motor_type,none,,,,verified,false,official,brand_manual_pdf,https://help.na.panasonic.com/wp-content/uploads/2023/02/NNSN67HS_SN686_PA0216-30817_ENG.pdf,"Panasonic · NN-SN686S/NN-SN67HS microwave oven owner's manual, specifications page",,2026-08-01,medium
microwave-oven,Microwave oven,cooking,countertop_microwave,electrical,power_factor,,ratio,,,unknown,false,,,,,,,unknown
microwave-oven,Microwave oven,cooking,countertop_microwave,electrical,requires_pure_sine,,,,,unknown,false,,,,,,,unknown
microwave-oven,Microwave oven,cooking,countertop_microwave,electrical,standby_watts,1,W,0.6,2.2,verified,false,official,,https://www.law.cornell.edu/cfr/text/10/430.32,US DOE · 10 CFR 430.32 energy conservation standards (Cornell LII),"Regulatory ceiling, not a measured value: 10 CFR 430.32(j)(3), standby power limit of 1.0 W for countertop microwave ovens manufactured 2016-06-17 through 2026-06-22",2026-08-01,high
microwave-oven,Microwave oven,cooking,countertop_microwave,duty_cycle,default_duty_cycle,1,ratio,,,verified,false,official,brand_support_kb,https://products.geappliances.com/appliance/gea-support-search-content?contentId=18763,GE Appliances · how microwave oven power levels work,"High (full power) setting: magnetron conducts continuously, duty cycle 1.0",2026-08-01,high
microwave-oven,Microwave oven,cooking,countertop_microwave,duty_cycle,typical_daily_runtime_h,,h,,,unknown,false,,,,,,,unknown
microwave-oven,Microwave oven,cooking,countertop_microwave,duty_cycle,typical_uses_per_day,,cycles,,,unknown,false,,,,,,,unknown
microwave-oven,Microwave oven,cooking,countertop_microwave,duty_cycle,minutes_per_use,,min,,,unknown,false,,,,,,,unknown
microwave-oven,Microwave oven,cooking,countertop_microwave,energy,per_use_wh,,Wh,,,unknown,false,,,,,,,unknown
mini-fridge,Mini fridge,refrigeration,compact_refrigerator,electrical,running_watts,161,W,80.5,161,verified,true,official,brand_product_page,https://www.summitappliance.com/catalog/model/CP73PL,Summit Appliance · CP73PL 4.5 cu ft compact refrigerator-freezer official specifications,"Converted from manufacturer nameplate current; this is VA, not W: Summit CP73PL (Capacity 4.5 cu.ft., Defrost Type Cycle, Refrigerant R600a) nameplate Amps 1.4, Voltage/Frequency 115 V AC/60 Hz → 161 VA. The manufacturer does not publish watts; power factor is unknown",2026-08-01,medium
mini-fridge,Mini fridge,refrigeration,compact_refrigerator,electrical,running_watts_low,80.5,W,,,verified,true,official,brand_product_page,https://www.summitappliance.com/catalog/model/FF28LWH,Summit Appliance · FF28LWH 2.4 cu ft compact all-refrigerator official specifications,"Summit FF28LWH (Capacity 2.4 cu.ft., Defrost Type Automatic, Refrigerant R600a) nameplate Amps 0.7 @ 115 V AC/60 Hz = 80.5 VA",2026-08-01,medium
mini-fridge,Mini fridge,refrigeration,compact_refrigerator,electrical,running_watts_high,161,W,,,verified,true,official,brand_product_page,https://www.summitappliance.com/catalog/model/CP73PL,Summit Appliance · CP73PL 4.5 cu ft compact refrigerator-freezer official specifications,"Summit CP73PL nameplate Amps 1.4 @ 115 V AC/60 Hz = 161 VA; the same manufacturer's FF521BLBIIF (4.1 cu.ft.) is also 1.4 A, the two figures cross-confirm this tier's upper bound",2026-08-01,medium
mini-fridge,Mini fridge,refrigeration,compact_refrigerator,electrical,startup_surge_multiplier,10.3,ratio,,,verified,true,official,brand_spec_sheet,https://tproduct.tecumseh.com/Model?id=THG1358YLS,Tecumseh · THG1358YLS household LBP compressor data sheet (115 V/60 Hz),Tecumseh THG1358YLS (Application: LBP - Low Back Pressure; Compressor Type: Reciprocating; Displacement 5.58 cc; 115V ~ 60Hz) nameplate electrical fields: Locked Rotor Amps (LRA) 22 ÷ Rated Load Amps (RLA 60Hz) 2.13 = 10.3,2026-08-01,medium
mini-fridge,Mini fridge,refrigeration,compact_refrigerator,electrical,startup_surge_watts,2530,W,,,verified,true,official,brand_spec_sheet,https://tproduct.tecumseh.com/Model?id=THG1358YLS,Tecumseh · THG1358YLS household LBP compressor data sheet (115 V/60 Hz),"This is VA, not W: converted from nameplate Locked Rotor Amps (LRA) 22 A × 115 V nominal voltage = 2,530 VA. The manufacturer does not give power factor at the moment of locked rotor, so the real (active) wattage is lower than this figure; but since the inverter is limited by apparent power, the compatibility check uses the VA value",2026-08-01,medium
mini-fridge,Mini fridge,refrigeration,compact_refrigerator,electrical,surge_duration_ms,200,ms,100,300,verified,false,official,brand_support_kb,https://copeland.custhelp.com/app/answers/detail/a_id/2348/~/locked-rotor-amperage-(lra),Copeland (Emerson) · technical note on compressor locked-rotor amperage (LRA),Copeland: inrush lasts 100–300 ms,2026-08-01,medium
mini-fridge,Mini fridge,refrigeration,compact_refrigerator,electrical,motor_type,reciprocating_compressor,,,,verified,false,official,brand_spec_sheet,https://tproduct.tecumseh.com/Model?id=THG1358YLS,Tecumseh · THG1358YLS household LBP compressor data sheet (115 V/60 Hz),,2026-08-01,medium
mini-fridge,Mini fridge,refrigeration,compact_refrigerator,electrical,power_factor,,ratio,,,unknown,false,,,,,,,unknown
mini-fridge,Mini fridge,refrigeration,compact_refrigerator,electrical,requires_pure_sine,,,,,unknown,false,,,,,,,unknown
mini-fridge,Mini fridge,refrigeration,compact_refrigerator,electrical,standby_watts,,W,,,unknown,false,,,,,,,unknown
mini-fridge,Mini fridge,refrigeration,compact_refrigerator,duty_cycle,default_duty_cycle,0.18,ratio,0.15,0.25,verified,true,official,government_standard,https://data.energystar.gov/resource/p5st-her9.json,ENERGY STAR certified annual energy use ÷ Tecumseh compressor nameplate input power,"Numerator: annual energy use on the DOE 10 CFR 430 certification basis (standard steady-state door-closed test). Denominator: Tecumseh THG1358YLS input power at its ASHRAE LBP rating point. The two test conditions differ, so this value is an estimate that is correct in magnitude, not a measured duty cycle.",2026-08-03,medium
mini-fridge,Mini fridge,refrigeration,compact_refrigerator,duty_cycle,cycle_period_min,,min,,,unknown,false,,,,,,,unknown
mini-fridge,Mini fridge,refrigeration,compact_refrigerator,energy,annual_kwh,228,kWh,226,268,verified,false,official,government_standard,https://data.energystar.gov/resource/p5st-her9.json,"ENERGY STAR certified residential refrigerators database · Danby DCR044B1BM/SLM/WM (4.4 cu ft, manual defrost)","Annual energy use on the DOE 10 CFR 430 certification basis (standard steady-state door-closed test, not a user field measurement). The sibling field in this record, us_federal_standard_kwh_yr = 254 kWh/year, is the federal limit for this model's product class. This round did not obtain the verbatim ambient-temperature constant from the test procedure, so no specific ambient temperature is asserted here.",2026-08-03,medium
mini-split-heat-pump,Mini-split heat pump,hvac_cooling,ductless_inverter_heat_pump,electrical,running_watts,560,W,560,1740,verified,false,official,brand_spec_sheet,https://www.richaircomfort.com/mt-content/uploads/2023/11/m_submittal_msz-fs09na_muz-fs09nah_en.pdf,Mitsubishi Electric · MSZ-FS09NA/MUZ-FS09NAH submittal data sheet,"Manufacturer submittal data sheet, Cooling at 95°F: Rated Power Input 560 W (Rated Capacity 9,000 BTU/H); AHRI rating conditions indoor 80 DB/67 WB, outdoor 95 DB/75 WB",2026-08-01,high
mini-split-heat-pump,Mini-split heat pump,hvac_cooling,ductless_inverter_heat_pump,electrical,running_watts_low,560,W,,,verified,false,official,brand_spec_sheet,https://www.richaircomfort.com/mt-content/uploads/2023/11/m_submittal_msz-fs09na_muz-fs09nah_en.pdf,Mitsubishi Electric · MSZ-FS09NA/MUZ-FS09NAH submittal data sheet,Rated cooling input power 560 W @95 °F,2026-08-01,high
mini-split-heat-pump,Mini-split heat pump,hvac_cooling,ductless_inverter_heat_pump,electrical,running_watts_high,1740,W,,,verified,false,official,brand_spec_sheet,https://www.richaircomfort.com/mt-content/uploads/2023/11/m_submittal_msz-fs09na_muz-fs09nah_en.pdf,Mitsubishi Electric · MSZ-FS09NA/MUZ-FS09NAH submittal data sheet,"Heating at 47°F Maximum Power Input 1,740 W (the heating maximum, 1,000 W higher than the cooling maximum)",2026-08-01,high
mini-split-heat-pump,Mini-split heat pump,hvac_cooling,ductless_inverter_heat_pump,electrical,startup_surge_multiplier,0.8,ratio,,,verified,false,official,brand_spec_sheet,https://www.richaircomfort.com/mt-content/uploads/2023/11/m_submittal_msz-fs09na_muz-fs09nah_en.pdf,Mitsubishi Electric · MSZ-FS09NA/MUZ-FS09NAH submittal data sheet,"Manufacturer submittal data sheet lists directly: Compressor Locked Rotor Amps 7.4 A, Compressor Rated Load Amps 9.2 A, 7.4/9.2 = 0.80. Compressor type Twin Rotary, model SNB092FQAMT",2026-08-01,high
mini-split-heat-pump,Mini-split heat pump,hvac_cooling,ductless_inverter_heat_pump,electrical,startup_surge_watts,1702,W,,,verified,false,official,brand_spec_sheet,https://www.richaircomfort.com/mt-content/uploads/2023/11/m_submittal_msz-fs09na_muz-fs09nah_en.pdf,Mitsubishi Electric · MSZ-FS09NA/MUZ-FS09NAH submittal data sheet,LRA 7.4 A × 230 V = 1702 VA. Manufacturer Guaranteed Voltage Range 187–253 V,2026-08-01,high
mini-split-heat-pump,Mini-split heat pump,hvac_cooling,ductless_inverter_heat_pump,electrical,surge_duration_ms,,ms,,,unknown,false,,,,,,,unknown
mini-split-heat-pump,Mini-split heat pump,hvac_cooling,ductless_inverter_heat_pump,electrical,motor_type,bldc_inverter,,,,verified,false,official,brand_spec_sheet,https://www.richaircomfort.com/mt-content/uploads/2023/11/m_submittal_msz-fs09na_muz-fs09nah_en.pdf,Mitsubishi Electric · MSZ-FS09NA/MUZ-FS09NAH submittal data sheet,Manufacturer: Compressor Type: Twin Rotary; “INVERTER-driven compressor and LEV provide high efficiency and comfort while using only the energy needed to maintain maximum performance”,2026-08-01,high
mini-split-heat-pump,Mini-split heat pump,hvac_cooling,ductless_inverter_heat_pump,electrical,power_factor,0.9,ratio,0.89,0.92,verified,false,official,brand_spec_sheet,https://www.richaircomfort.com/mt-content/uploads/2023/11/m_submittal_msz-fs09na_muz-fs09nah_en.pdf,Mitsubishi Electric · MSZ-FS09NA/MUZ-FS09NAH submittal data sheet,"Manufacturer states directly: at Cooling 95°F, Power Factor [208V / 230V] = 89.0 / 90.0 %; at Heating 47°F, 92.0 / 92.0 %",2026-08-01,high
mini-split-heat-pump,Mini-split heat pump,hvac_cooling,ductless_inverter_heat_pump,electrical,requires_pure_sine,,,,,unknown,false,,,,,,,unknown
mini-split-heat-pump,Mini-split heat pump,hvac_cooling,ductless_inverter_heat_pump,electrical,voltage_domain,230v,,,,verified,false,official,brand_spec_sheet,https://www.richaircomfort.com/mt-content/uploads/2023/11/m_submittal_msz-fs09na_muz-fs09nah_en.pdf,"Mitsubishi Electric · MSZ-FS09NA/MUZ-FS09NAH submittal data sheet, Electrical section","Submittal data sheet, Electrical section, read line by line (-layout extraction, re-fetched 2026-08-10, HTTP 200): “Voltage, Phase, Frequency … 208/230, 1, 60” “Guaranteed Voltage Range V AC 187 - 253” “Voltage: Indoor - Outdoor, S1-S2 V AC 208/230”. The same table's Power Factor row itself gives values in two columns, “[208V / 230V]” (cooling 89.0/90.0%, heating 92.0/92.0%) — that is, the manufacturer rates this unit against only these two voltages throughout. Same document, same model, as this record's running_watts / power_factor / startup_surge_multiplier.",2026-08-10,high
mini-split-heat-pump,Mini-split heat pump,hvac_cooling,ductless_inverter_heat_pump,electrical,standby_watts,,W,,,unknown,false,,,,,,,unknown
mini-split-heat-pump,Mini-split heat pump,hvac_cooling,ductless_inverter_heat_pump,duty_cycle,default_duty_cycle,1,ratio,,,verified,false,official,brand_spec_sheet,https://www.richaircomfort.com/mt-content/uploads/2023/11/m_submittal_msz-fs09na_muz-fs09nah_en.pdf,Mitsubishi Electric · MSZ-FS09NA/MUZ-FS09NAH submittal data sheet,"An inverter-driven unit matches load by adjusting compressor speed rather than cycling on and off; the manufacturer's Minimum Capacity of 1,700 BTU/H is the lower bound of that speed range",2026-08-01,medium
mini-split-heat-pump,Mini-split heat pump,hvac_cooling,ductless_inverter_heat_pump,duty_cycle,typical_daily_runtime_h,,h,,,unknown,false,,,,,,,unknown
oxygen-concentrator,Home oxygen concentrator,medical,oxygen_concentrator_stationary,electrical,running_watts,310,W,275,639,verified,false,official,brand_spec_sheet,https://shop.drivemedical.com/us/en/products/respiratory/oxygen-therapy/oxygen-concentrators/stationary-concentrators/devilbiss-5-liter-oxygen-concentrator/p/525DS-Q/downloadPdf,Drive DeVilbiss Healthcare · DeVilbiss 5 Liter Oxygen Concentrator US product specification page (525DS / 525DS-EW / 525DS-Q / 525DS-QEW),"The manufacturer's specification table Power Consumption row reads, verbatim: “310 Watt Average, 275 Watts @ 1.2 LPM and Below.” The manufacturer does not state conditions beyond the test flow rate (ambient temperature and altitude are not given). This row states average power consumption, not a nameplate rating ceiling — the nameplate rating for the same series is separately given as 115 V / 60 Hz / 3.3 A; these are different quantities under different conditions, and this library does not multiply or divide them together.",2026-08-08,high
oxygen-concentrator,Home oxygen concentrator,medical,oxygen_concentrator_stationary,electrical,running_watts_low,275,W,,,verified,false,official,brand_spec_sheet,https://shop.drivemedical.com/us/en/products/respiratory/oxygen-therapy/oxygen-concentrators/stationary-concentrators/devilbiss-5-liter-oxygen-concentrator/p/525DS-Q/downloadPdf,Drive DeVilbiss Healthcare · DeVilbiss 5 Liter Oxygen Concentrator US product specification page,The second figure in the same specification table's Power Consumption row: “275 Watts @ 1.2 LPM and Below.” This and 310 W are two flow-rate settings of the same machine.,2026-08-08,high
oxygen-concentrator,Home oxygen concentrator,medical,oxygen_concentrator_stationary,electrical,running_watts_high,639,W,,,verified,false,official,brand_spec_sheet,https://shop.drivemedical.com/us/en/c/devilbiss-10-liter-oxygen-concentrator/p/1025DS/downloadPdf,Drive DeVilbiss Healthcare · DeVilbiss 10 Liter Oxygen Concentrator 1025DS US product specification page,"Manufacturer specification table: Power Input “639W (avg)”, Power Consumption row labeled “120VAC, 60Hz”, Delivery Rate “2.0 to 10.0 LPM.” This is a different machine (the 10 LPM model), not a high setting on the 525DS.",2026-08-08,high
oxygen-concentrator,Home oxygen concentrator,medical,oxygen_concentrator_stationary,electrical,startup_surge_multiplier,,ratio,,,unknown,false,,,,,,,unknown
oxygen-concentrator,Home oxygen concentrator,medical,oxygen_concentrator_stationary,electrical,startup_surge_watts,,W,,,unknown,false,,,,,,,unknown
oxygen-concentrator,Home oxygen concentrator,medical,oxygen_concentrator_stationary,electrical,surge_duration_ms,,ms,,,unknown,false,,,,,,,unknown
oxygen-concentrator,Home oxygen concentrator,medical,oxygen_concentrator_stationary,electrical,motor_type,,,,,unknown,false,,,,,,,unknown
oxygen-concentrator,Home oxygen concentrator,medical,oxygen_concentrator_stationary,electrical,power_factor,,ratio,,,unknown,false,,,,,,,unknown
oxygen-concentrator,Home oxygen concentrator,medical,oxygen_concentrator_stationary,electrical,apparent_power_va,,VA,,,unknown,false,,,,,,,unknown
oxygen-concentrator,Home oxygen concentrator,medical,oxygen_concentrator_stationary,electrical,requires_pure_sine,,,,,unknown,false,,,,,,,unknown
oxygen-concentrator,Home oxygen concentrator,medical,oxygen_concentrator_stationary,electrical,standby_watts,,W,,,unknown,false,,,,,,,unknown
oxygen-concentrator,Home oxygen concentrator,medical,oxygen_concentrator_stationary,electrical,min_voltage_tolerance_v,97,V,,,verified,false,official,brand_manual_pdf,https://drivemedical.de/ALL_PRODUCT_Media/RESPIRATORY/Oxygen/525KS/pdf/User%20Manual/SE-525KS-3%20Rev%20B_FINAL.pdf,Drive DeVilbiss Healthcare · DeVilbiss 5-Liter Series user guide SE-525KS-3 Rev B specification table,"Specification table, Operating Voltage Range row, 525DS / 525DS-Q column: “97-127 V~, 60 Hz.” The same table gives two EU-version columns elsewhere: 525KS “187-253 V~, 50 Hz”, 525PS “187-253 V~, 60 Hz.”",2026-08-08,high
oxygen-concentrator,Home oxygen concentrator,medical,oxygen_concentrator_stationary,duty_cycle,default_duty_cycle,1,ratio,,,verified,false,official,brand_manual_pdf,https://www.inogen.com/pdf/96-05070-00-01C-Technical-Manual-Inogen-At-Home.pdf,Inogen · At Home technical manual (doc 96-05070-00-01C) §4.1 Classifications,"The manufacturer's classification table, verbatim: “Mode of Operation: Continuous.” The same manual elsewhere describes the device as “delivered continuously to the patient.” While powered on, it is a continuous load with no on/off cycling.",2026-08-08,high
oxygen-concentrator,Home oxygen concentrator,medical,oxygen_concentrator_stationary,duty_cycle,typical_daily_runtime_h,,h,,,unknown,false,,,,,,,unknown
oxygen-concentrator,Home oxygen concentrator,medical,oxygen_concentrator_stationary,energy,daily_wh,,Wh,,,unknown,false,,,,,,,unknown
pool-pump-variable-speed,Variable-speed pool pump,water,variable_speed_pool_filter_pump,electrical,running_watts,627,W,121,627,verified,false,official,government_standard,https://data.energystar.gov/resource/m8cf-pkii.json,"ENERGY STAR · Certified Pool Pumps dataset (Hayward TriStar VS 950, SP32950VSP 115V, pd_id 2381304)","High-speed measurement point, 115 V certification entry. The dataset row reads, verbatim: `model_name` = “TriStar VS 950”, `model_number` = “SP32950VSP (115V)”, `power_w_at_high_speed_measurement_point` = “626.95”, `rpm_at_high_speed_measurement_point` = “2177.34”, `flow_gpm_at_high_speed_measurement_point` = “60.63”, `rated_horsepower_hp` = “1.5”. The stored value of 627 is 626.95 rounded up (under-reporting the threshold by even one watt would loosen the compatibility call by that much).

This is a power reading measured on the calibration curve under the DOE pool pump test procedure — not calculated by multiplying current by voltage. The 13.2 A the manufacturer prints elsewhere is the maximum input current rating, with no conversion relationship to this value; dividing the two yields 47.5, which does not correspond to any utility voltage.

Taking the high-speed measurement point as the point value is an editorial choice; the rationale is recorded in watts_distribution_note: the low-speed point is a load almost any power station can carry, giving it no discriminating power, and the pump always runs at high speed for priming at every startup.",2026-08-09,high
pool-pump-variable-speed,Variable-speed pool pump,water,variable_speed_pool_filter_pump,electrical,running_watts_low,121,W,,,verified,false,official,government_standard,https://data.energystar.gov/resource/m8cf-pkii.json,"ENERGY STAR · Certified Pool Pumps dataset (same row, low-speed measurement point)","The low-speed measurement point for the same pump, same certification: `power_w_at_low_speed_measurement_point` = “121.09”, `rpm_at_low_speed_measurement_point` = “1126.02”, `flow_gpm_at_low_speed_measurement_point` = “31.16”, `head_fth20_at_low_speed_measurement_point` = “8.1”. The stored value of 121 is truncated (rounded down at the low end of the range, again the direction that does not loosen the determination). This is the operating condition the variable-speed pump was designed around — the Pentair manual states, verbatim: “setting the pump at the lowest speed for the longest duration is the best strategy to minimize energy consumption.”",2026-08-09,high
pool-pump-variable-speed,Variable-speed pool pump,water,variable_speed_pool_filter_pump,electrical,running_watts_high,627,W,,,verified,false,official,government_standard,https://data.energystar.gov/resource/m8cf-pkii.json,"ENERGY STAR · Certified Pool Pumps dataset (same row, high-speed measurement point)","Same source and same measurement point as the running_watts point value (626.95 W @ 2177.34 RPM). Deliberately set equal to the point value rather than left blank: this record's point value intentionally sits at the top of the range, and the range field accurately restates that fact, which is more verifiable than a silent omission. The top of the range is not this pump's physical ceiling — 3450 RPM is, and that speed setting has no published wattage (see absence_verified under startup_surge_multiplier).",2026-08-09,high
pool-pump-variable-speed,Variable-speed pool pump,water,variable_speed_pool_filter_pump,electrical,startup_surge_multiplier,,ratio,,,unknown,false,,,,,,,unknown
pool-pump-variable-speed,Variable-speed pool pump,water,variable_speed_pool_filter_pump,electrical,startup_surge_watts,,W,,,unknown,false,,,,,,,unknown
pool-pump-variable-speed,Variable-speed pool pump,water,variable_speed_pool_filter_pump,electrical,surge_duration_ms,,ms,,,unknown,false,,,,,,,unknown
pool-pump-variable-speed,Variable-speed pool pump,water,variable_speed_pool_filter_pump,electrical,motor_type,bldc_inverter,,,,verified,false,official,government_standard,https://data.energystar.gov/resource/m8cf-pkii.json,ENERGY STAR · Certified Pool Pumps dataset motor_construction field + Hayward specification page,"Three documents point to the same fact, this is not an inference: (1) the ENERGY STAR dataset row has `motor_construction` = “Electronically-commutated Motor”, `motor_design` = “Variable-speed”; (2) the Hayward specification page features column reads, verbatim, “Permanent magnet, totally enclosed fan-cooled motor” and “Upgraded motor drive”; (3) the Pentair IntelliFlo VSF manual describes the drive, verbatim, as “The drive controls the motor's rotational speed by controlling the frequency of the supplied current.” Permanent magnet + electronic commutation + frequency control by a drive is exactly the definition this library uses for the `bldc_inverter` value, putting it in the same class as the mini-split-heat-pump / washing-machine / window-air-conditioner-inverter records. `load_type=inverter_driven_motor` comes from the same source as this field.",2026-08-09,high
pool-pump-variable-speed,Variable-speed pool pump,water,variable_speed_pool_filter_pump,electrical,power_factor,,ratio,,,unknown,false,,,,,,,unknown
pool-pump-variable-speed,Variable-speed pool pump,water,variable_speed_pool_filter_pump,electrical,apparent_power_va,,VA,,,unknown,false,,,,,,,unknown
pool-pump-variable-speed,Variable-speed pool pump,water,variable_speed_pool_filter_pump,electrical,requires_pure_sine,,,,,unknown,false,,,,,,,unknown
pool-pump-variable-speed,Variable-speed pool pump,water,variable_speed_pool_filter_pump,electrical,standby_watts,3,W,,,verified,false,official,government_standard,https://data.energystar.gov/resource/m8cf-pkii.json,ENERGY STAR · Certified Pool Pumps dataset standby_average_power_w field,"The same row's `standby_average_power_w` = “3” (Hayward TriStar VS 950, both the 115 V and 230 V certification entries report 3). The same field for the Pentair SuperFlo VST is 2. The DOE test procedure separately specifies a standby-power measurement for pool pumps, so this is a measured and reported figure, not an estimate. Note that after running the factory default schedule for 14 hours, the pump enters a stopped state rather than losing power (Pentair manual: “the pump will enter a stationary/paused state for the next 10 hours”), so this 3 W is a real daily load.",2026-08-09,high
pool-pump-variable-speed,Variable-speed pool pump,water,variable_speed_pool_filter_pump,duty_cycle,default_duty_cycle,1,ratio,,,verified,false,official,brand_manual_pdf,https://www.pentair.com/content/dam/extranet/nam/pentair-pool/residential/pumps/archive/superflo-vs/manuals/superflovs-variable-speed-pump-manual-english.pdf,Pentair · SuperFlo VS installation and user manual (Table 2: Default Schedule),"While running at a given speed setting, the pump draws power continuously, with no thermostat-style on/off cycling — this is demonstrated by the manufacturer's own factory schedule: Table 2 gives SPEED 1 = 2 hours @ 3000 RPM, SPEED 2 = 10 hours @ 1400 RPM, SPEED 3 = 2 hours @ 2200 RPM, three continuous run blocks rather than a duty cycle. So taking 1.0 at the speed setting used for the determination is correct — that is how the pump actually behaves, not a conservative rounding.

Note that 1.0 describes “running continuously at a given speed setting”, not “full power for 24 hours a day”: an actual day is 14 hours running plus 10 hours stopped (see typical_daily_runtime_h), and 10 of those 14 hours are at the lowest speed setting. Multiplying 1.0 by running_watts to extrapolate full-day energy use would overstate it by more than double, which is why this library does not provide daily_wh (see energy).",2026-08-09,medium
pool-pump-variable-speed,Variable-speed pool pump,water,variable_speed_pool_filter_pump,duty_cycle,cycle_period_min,,min,,,unknown,false,,,,,,,unknown
pool-pump-variable-speed,Variable-speed pool pump,water,variable_speed_pool_filter_pump,duty_cycle,typical_daily_runtime_h,14,h,,,verified,false,official,brand_manual_pdf,https://www.pentair.com/content/dam/extranet/nam/pentair-pool/residential/pumps/archive/superflo-vs/manuals/superflovs-variable-speed-pump-manual-english.pdf,"Pentair · SuperFlo VS manual, Table 2: Default Schedule","The sum of the three segments in the manufacturer's factory default schedule: SPEED 1, two hours @ 3000 RPM (starting 08:00) + SPEED 2, ten hours @ 1400 RPM + SPEED 3, two hours @ 2200 RPM = 14 hours; the manual then states, verbatim, “After 14 hours of run time and completing its run of SPEED 3, the pump will enter a stationary/paused state for the next 10 hours.”

The low confidence is deliberate: this is one manufacturer's factory default for one pump model, not an industry-typical value and not measured user behavior — actual run time depends on pool volume, water temperature, sun exposure, and local water-quality requirements, and the manufacturer itself notes on the same page that it should be adjusted for pool conditions. Any page citing it must make clear that this is a “factory default”, not “typical.”",2026-08-09,low
pool-pump-variable-speed,Variable-speed pool pump,water,variable_speed_pool_filter_pump,energy,daily_wh,,Wh,,,unknown,false,,,,,,,unknown
portable-air-conditioner,Portable air conditioner,hvac_cooling,portable_ac,electrical,running_watts,1300,W,,,verified,false,official,brand_product_page,https://whynter.com/product/whynter-arc-14s-14000-btu-dual-hose-portable-ac/,Whynter · ARC-14S dual-hose portable air conditioner official specifications,"Manufacturer official specifications: 1300 Watts / 11.6 Amps / 115 V / 60Hz / 1 Phase. The model is the dual-hose ARC-14S, refrigerant R-32",2026-08-01,high
portable-air-conditioner,Portable air conditioner,hvac_cooling,portable_ac,electrical,running_watts_low,,W,,,unknown,false,,,,,,,unknown
portable-air-conditioner,Portable air conditioner,hvac_cooling,portable_ac,electrical,running_watts_high,1300,W,,,verified,false,official,brand_product_page,https://whynter.com/product/whynter-arc-14s-14000-btu-dual-hose-portable-ac/,Whynter · ARC-14S dual-hose portable air conditioner official specifications,"Manufacturer rated 1300 Watts (14,000 BTU ASHRAE class)",2026-08-01,high
portable-air-conditioner,Portable air conditioner,hvac_cooling,portable_ac,electrical,startup_surge_multiplier,6,ratio,6,7,verified,true,official,brand_spec_sheet,https://tproduct.tecumseh.com/Model?id=RK5512Y-AA3A,Tecumseh · RK5512Y-AA3A rotary air-conditioning compressor data sheet (115 V/60 Hz),"Tecumseh RK5512Y-AA3A (Compressor Type: Rotary; Application: HBP/AC - Air Conditioning; Displacement 23.9 cc; 115V ~ 60Hz; Motor Type: PSC), nameplate electrical section: Locked Rotor Amps (LRA) 60 ÷ Rated Load Amps (RLA 60Hz) 10 = 6.0. The same manufacturer's 220-240 V/50 Hz model HGA5453BXC gives LRA 15 ÷ RLA (50Hz) 2.14 = 7.0, so the range ceiling is taken as 7.0",2026-08-01,medium
portable-air-conditioner,Portable air conditioner,hvac_cooling,portable_ac,electrical,startup_surge_watts,6900,W,,,verified,true,official,brand_spec_sheet,https://tproduct.tecumseh.com/Model?id=RK5512Y-AA3A,Tecumseh · RK5512Y-AA3A rotary air-conditioning compressor data sheet (115 V/60 Hz),"This is VA, not W: converted from nameplate Locked Rotor Amps (LRA) 60 A × 115 V nominal voltage = 6,900 VA. The manufacturer does not give the power factor at the locked-rotor instant; since the inverter is limited by apparent power, the compatibility check uses the VA value. This compressor's ASHRAE rating point (EVAP 7.2 °C / COND 54 °C / AMBIENT 35 °C) has capacity 11,700 BTU/h, Input Power 1,104 W",2026-08-01,medium
portable-air-conditioner,Portable air conditioner,hvac_cooling,portable_ac,electrical,surge_duration_ms,200,ms,100,300,verified,false,official,brand_support_kb,https://copeland.custhelp.com/app/answers/detail/a_id/2348/~/locked-rotor-amperage-(lra),Copeland (Emerson) · technical note on compressor locked-rotor amperage (LRA),"Copeland compressor general basis, 100–300 ms",2026-08-01,low
portable-air-conditioner,Portable air conditioner,hvac_cooling,portable_ac,electrical,motor_type,,,,,unknown,false,,,,,,,unknown
portable-air-conditioner,Portable air conditioner,hvac_cooling,portable_ac,electrical,power_factor,0.97,ratio,,,verified,false,official,brand_product_page,https://whynter.com/product/whynter-arc-14s-14000-btu-dual-hose-portable-ac/,Whynter · ARC-14S dual-hose portable air conditioner official specifications,Back-calculated from the manufacturer's own 1300 W and 11.6 A @115 V on the same page (1300/1334),2026-08-01,low
portable-air-conditioner,Portable air conditioner,hvac_cooling,portable_ac,electrical,requires_pure_sine,,,,,unknown,false,,,,,,,unknown
portable-air-conditioner,Portable air conditioner,hvac_cooling,portable_ac,electrical,standby_watts,,W,,,unknown,false,,,,,,,unknown
portable-air-conditioner,Portable air conditioner,hvac_cooling,portable_ac,duty_cycle,default_duty_cycle,0.18,ratio,0.12,0.9,verified,false,official,government_standard,https://www.energy.gov/sites/prod/files/2016/04/f30/Portable%20AC%20TP%20Final%20Rule.pdf,US DOE · final rule on portable air conditioner test procedures (includes the LBNL measured duty-cycle formula),"US DOE final rule on portable air conditioner test procedures, citing LBNL field measurements: %Time in Cooling Mode = 0.005 × outdoor temperature (°F) − 0.2909; 18% at 95 °F",2026-08-01,high
portable-air-conditioner,Portable air conditioner,hvac_cooling,portable_ac,duty_cycle,cycle_period_min,,min,,,unknown,false,,,,,,,unknown
portable-air-conditioner,Portable air conditioner,hvac_cooling,portable_ac,duty_cycle,typical_daily_runtime_h,,h,,,unknown,false,,,,,,,unknown
portable-fridge-12v,12V portable fridge/freezer,refrigeration,dc_compressor_cooler,electrical,running_watts,90,W,78,125,verified,false,official,brand_manual_pdf,https://media.dometic.com/externalassets/dometic-cfx3-35_76686.pdf,"Dometic · CFX3 series operating manual, technical data table (4445103159, 09/2020)",Manufacturer technical data table: CFX3 35 at 12 Vdc draws 7.5 A (90 W converted). Energy consumption measured per IEC 62552 (2018); ambient temperature range +16 °C to +43 °C,2026-08-01,high
portable-fridge-12v,12V portable fridge/freezer,refrigeration,dc_compressor_cooler,electrical,running_watts_low,78,W,,,verified,false,official,brand_manual_pdf,https://media.dometic.com/externalassets/dometic-cfx3-35_76686.pdf,"Dometic · CFX3 series operating manual, technical data table (4445103159, 09/2020)",CFX3 25(25 L): 12 Vdc 6.5 A,2026-08-01,high
portable-fridge-12v,12V portable fridge/freezer,refrigeration,dc_compressor_cooler,electrical,running_watts_high,125,W,,,verified,false,official,brand_manual_pdf,https://media.dometic.com/externalassets/dometic-cfx3-35_76686.pdf,"Dometic · CFX3 series operating manual, technical data table (4445103159, 09/2020)",CFX3 95DZ (94 L dual-zone): 12 Vdc 10.4 A,2026-08-01,high
portable-fridge-12v,12V portable fridge/freezer,refrigeration,dc_compressor_cooler,electrical,startup_surge_multiplier,1,ratio,1,1.25,verified,true,official,brand_spec_sheet,https://www.secop.com/fileadmin/user_upload/SEPS/datasheets/en/bd35f_101z0200_r134a_12-24vdc_09-2024_desd100f802.pdf,Secop · BD35F variable-speed DC compressor data sheet (DES.D.100.F8.02),"The basis here is a structural absence in the data sheet: the Secop BD35F/BD50F data sheet states Motor type: variable speed, and the entire table has no LRA or inrush field, only a current ceiling and DIN 7258 fuse rating (12V: 15 A)",2026-08-01,medium
portable-fridge-12v,12V portable fridge/freezer,refrigeration,dc_compressor_cooler,electrical,startup_surge_watts,180,W,,,verified,true,official,brand_spec_sheet,https://www.secop.com/fileadmin/user_upload/SEPS/datasheets/en/bd35f_101z0200_r134a_12-24vdc_09-2024_desd100f802.pdf,Secop · BD35F variable-speed DC compressor data sheet (DES.D.100.F8.02),"Manufacturer-specified fuse ceiling: DC usage: Automobile fuse, DIN 7258 — 12V: 15 A (15 A × 12 V = 180 VA)",2026-08-01,medium
portable-fridge-12v,12V portable fridge/freezer,refrigeration,dc_compressor_cooler,electrical,surge_duration_ms,,ms,,,unknown,false,,,,,,,unknown
portable-fridge-12v,12V portable fridge/freezer,refrigeration,dc_compressor_cooler,electrical,motor_type,bldc_inverter,,,,verified,false,official,brand_spec_sheet,https://www.secop.com/fileadmin/user_upload/SEPS/datasheets/en/bd35f_101z0200_r134a_12-24vdc_09-2024_desd100f802.pdf,Secop · BD35F variable-speed DC compressor data sheet (DES.D.100.F8.02),Secop BD35F data sheet: Motor type: variable speed; speed settings 2000/2500/3000/3500 rpm (resistor-selected),2026-08-01,high
portable-fridge-12v,12V portable fridge/freezer,refrigeration,dc_compressor_cooler,electrical,power_factor,,ratio,,,unknown,false,,,,,,,unknown
portable-fridge-12v,12V portable fridge/freezer,refrigeration,dc_compressor_cooler,electrical,requires_pure_sine,,,,,unknown,false,,,,,,,unknown
portable-fridge-12v,12V portable fridge/freezer,refrigeration,dc_compressor_cooler,electrical,standby_watts,,W,,,unknown,false,,,,,,,unknown
portable-fridge-12v,12V portable fridge/freezer,refrigeration,dc_compressor_cooler,duty_cycle,default_duty_cycle,,ratio,,,unknown,false,,,,,,,unknown
portable-fridge-12v,12V portable fridge/freezer,refrigeration,dc_compressor_cooler,duty_cycle,cycle_period_min,,min,,,unknown,false,,,,,,,unknown
portable-fridge-12v,12V portable fridge/freezer,refrigeration,dc_compressor_cooler,energy,annual_kwh,81,kWh,78,111,verified,false,official,brand_manual_pdf,https://media.dometic.com/externalassets/dometic-cfx3-35_76686.pdf,"Dometic · CFX3 series operating manual, technical data table (4445103159, 09/2020, APAC(en) edition)","Manufacturer technical data table: CFX3 35 is 81 kWh/annum. The manual's last-page Standards section states its own test basis: “Determination of energy consumption: IEC 62552 (2018)” “Determination of volume: AS/NZS 4474.1:2007” — the latter is an Australia/New Zealand standard; together with the header DometicCFX3_OPM_4445103159_APAC(en), this confirms the figure on this page comes from the APAC edition of the manual, not from an EU energy-label basis. The same table also states: climate class N,T; ambient temperature +16 °C…+43 °C; refrigeration capacity −22 °C…+10 °C. The manufacturer does not state the target interior temperature used in testing (only the refrigeration-capacity range and the ambient range are given) — this is exactly the gap that keeps this figure from being directly compared against the EU statutory value.",2026-08-01,high
portable-fridge-12v,12V portable fridge/freezer,refrigeration,dc_compressor_cooler,energy,daily_wh,222,Wh,214,304,verified,false,official,brand_manual_pdf,https://media.dometic.com/externalassets/dometic-cfx3-35_76686.pdf,"Dometic · CFX3 series operating manual, technical data table (4445103159, 09/2020)","Derived: 81 kWh/year ÷ 365 days = 222 Wh/day (CFX3 35, IEC 62552 test conditions)",2026-08-01,medium
portable-split-air-conditioner,Portable split air conditioner (hose-through-window),hvac_cooling,portable_split_ac,electrical,running_watts,1230,W,950,1500,verified,false,official,brand_manual_pdf,https://www.midea.com/content/dam/midea-aem/de/klimatisieren-heizen/portasplit/PortaSplit-Gebrauchsanweisung-DE.pdf,"Midea · PortaSplit German user manual, Technische Daten table (Kühlen / Leistungsaufnahme)","Read directly, line by line, from the manufacturer’s official manual, Technische Daten table: Stromversorgung 220–240 V~, 50 Hz, 1-phasig; Kühlen → Kühlleistung (EN 14511) 3,5 kW / Stromaufnahme 5,5 A / Leistungsaufnahme 1230 W. The manufacturer states cooling capacity per EN 14511 but does not state the conditions under which the electrical power was measured.",2026-08-03,high
portable-split-air-conditioner,Portable split air conditioner (hose-through-window),hvac_cooling,portable_split_ac,electrical,running_watts_low,950,W,,,verified,false,official,brand_manual_pdf,https://www.midea.com/content/dam/midea-aem/de/klimatisieren-heizen/portasplit/PortaSplit-Gebrauchsanweisung-DE.pdf,"Midea · PortaSplit German user manual, Technische Daten table (Heizen / Leistungsaufnahme)","Manufacturer manual, Technische Daten: Heizen → Heizleistung (EN 14511) 3,5 kW / Stromaufnahme 4,3 A / Leistungsaufnahme 950 W. The manufacturer does not state the ambient conditions.",2026-08-03,high
portable-split-air-conditioner,Portable split air conditioner (hose-through-window),hvac_cooling,portable_split_ac,electrical,running_watts_high,1500,W,,,verified,false,official,brand_manual_pdf,https://www.midea.com/content/dam/midea-aem/de/klimatisieren-heizen/portasplit/PortaSplit-Gebrauchsanweisung-DE.pdf,"Midea · PortaSplit German user manual, Technische Daten table (Nennleistung/Stromaufnahme, EN 60335-1 nameplate rating)","Manufacturer manual, Technische Daten, first electrical line item: Nennleistung/Stromaufnahme (printed in the manual as EN60355-1, i.e. the nameplate rating item under the EN 60335-1 household appliance safety standard) = 1500 W / 7 A. This is the manufacturer-stated ceiling on power draw for the whole unit, a continuous rating.",2026-08-03,high
portable-split-air-conditioner,Portable split air conditioner (hose-through-window),hvac_cooling,portable_split_ac,electrical,startup_surge_multiplier,,ratio,,,unknown,false,,,,,,,unknown
portable-split-air-conditioner,Portable split air conditioner (hose-through-window),hvac_cooling,portable_split_ac,electrical,startup_surge_watts,,W,,,unknown,false,,,,,,,unknown
portable-split-air-conditioner,Portable split air conditioner (hose-through-window),hvac_cooling,portable_split_ac,electrical,surge_duration_ms,,ms,,,unknown,false,,,,,,,unknown
portable-split-air-conditioner,Portable split air conditioner (hose-through-window),hvac_cooling,portable_split_ac,electrical,motor_type,bldc_inverter,,,,verified,false,official,brand_manual_pdf,https://www.midea.com/content/dam/midea-aem/de/klimatisieren-heizen/portasplit/PortaSplit-Gebrauchsanweisung-DE.pdf,Midea · PortaSplit German user manual (antifreeze mode section describing low-frequency compressor operation),"The manual’s “Frostschutz” function section states, in the original text, that the unit maintains 8 °C room temperature by running the compressor at low frequency (Betrieb des Kompressors mit niedriger Frequenz), and describes this as more energy-efficient than the regular heating mode — meaning compressor speed is continuously variable under inverter drive, not fixed-speed on/off cycling. Supporting evidence: the A++/SEER 6,1 and A+/SCOP 4,0 efficiency ratings are not achievable on a fixed-speed split unit.",2026-08-03,low
portable-split-air-conditioner,Portable split air conditioner (hose-through-window),hvac_cooling,portable_split_ac,electrical,power_factor,0.93,ratio,0.93,0.97,verified,true,official,brand_manual_pdf,https://www.midea.com/content/dam/midea-aem/de/klimatisieren-heizen/portasplit/PortaSplit-Gebrauchsanweisung-DE.pdf,Midea · PortaSplit official Technische Daten table (real power ÷ nameplate current × nominal voltage),"EN 60335-1 nameplate rating point: numerator and denominator both taken from the same manual line (Nennleistung/Stromaufnahme 1500 W / 7 A), with voltage taken as the nominal midpoint of 220–240 V~, 230 V. The manufacturer does not publish power factor directly. The other two operating points in the same table each work out to 0.97 (cooling, 1230 W / 5,5 A) and 0.96 (heating, 950 W / 4,3 A).",2026-08-03,medium
portable-split-air-conditioner,Portable split air conditioner (hose-through-window),hvac_cooling,portable_split_ac,electrical,apparent_power_va,1610,VA,989,1610,verified,true,official,brand_manual_pdf,https://www.midea.com/content/dam/midea-aem/de/klimatisieren-heizen/portasplit/PortaSplit-Gebrauchsanweisung-DE.pdf,"Midea · PortaSplit official Technische Daten table, EN 60335-1 nameplate current 7 A","Manual, Technische Daten, first electrical line item: Nennleistung/Stromaufnahme = 1500 W / 7 A, supply 220–240 V~ 50 Hz, voltage taken as the nominal midpoint 230 V. This is the continuous rated ceiling, not a start-up peak.",2026-08-03,medium
portable-split-air-conditioner,Portable split air conditioner (hose-through-window),hvac_cooling,portable_split_ac,electrical,requires_pure_sine,,,,,unknown,false,,,,,,,unknown
portable-split-air-conditioner,Portable split air conditioner (hose-through-window),hvac_cooling,portable_split_ac,electrical,voltage_domain,230v,,,,verified,false,official,brand_manual_pdf,https://www.midea.com/content/dam/midea-aem/de/klimatisieren-heizen/portasplit/PortaSplit-Gebrauchsanweisung-DE.pdf,"Midea · PortaSplit German user manual, Technische Daten table (Stromversorgung row)","Official German manual, Technische Daten table, Stromversorgung row, verbatim (-layout extraction, re-fetched 2026-08-10, HTTP 200): “220 - 240 V~, 50 Hz, 1-phasig”. Sourced from the same table and the same unit as this record’s running_watts (1230 W) / power_factor / apparent_power_va.",2026-08-10,high
portable-split-air-conditioner,Portable split air conditioner (hose-through-window),hvac_cooling,portable_split_ac,electrical,standby_watts,,W,,,unknown,false,,,,,,,unknown
portable-split-air-conditioner,Portable split air conditioner (hose-through-window),hvac_cooling,portable_split_ac,duty_cycle,default_duty_cycle,,ratio,,,unknown,false,,,,,,,unknown
portable-split-air-conditioner,Portable split air conditioner (hose-through-window),hvac_cooling,portable_split_ac,duty_cycle,typical_daily_runtime_h,,h,,,unknown,false,,,,,,,unknown
portable-split-air-conditioner,Portable split air conditioner (hose-through-window),hvac_cooling,portable_split_ac,energy,annual_kwh,135,kWh,,,verified,false,official,government_standard,https://eprel.ec.europa.eu/api/products/airconditioners/2517927,"EPREL registration 2517927 · Midea PortaSplit Cool statutory product information (annual energy use, Jahresstromverbrauch)","EU statutory declared value, Implementing Regulation (EU) No 626/2011: coolingCharacteristics.annualElectricityConsumption = 135 kWh/a, with the same record’s seasonalEnergyEfficiencyRatio (SEER) = 6.1, designLoad = 2.3 kW, energy efficiency class A++ (scale A+++–D), refrigerant R32/GWP 675, sound power indoor 58 / outdoor 61 dB. Model PortaSplit Cool (functionType = COOLING_ONLY), registrant Midea Europe GmbH (Importeur, Eschborn DE), GTIN 4048164122301, placed on market 2025-12-19, EPREL published 2026-01-27.",2026-08-03,high
projector,Video projector,av_entertainment,video_projector,electrical,running_watts,345,W,102,386,verified,false,official,brand_spec_sheet,https://mediaserver.goepson.com/ImConvServlet/imconv/be8a3a0944f4c8c0c45ec06762d1164e44adbb52/original?assetDescr=HC880_Product-Spec-Sheet_CPD-59951.pdf,"Epson · Home Cinema 880 3LCD 1080p Projector official specification sheet (CPD-59951, product number V11H979020)","The specification sheet's Power Consumption section gives three lines verbatim: “Normal Mode: 345 W”, “ECO Mode: 235 W”, “Energy Saving 0.3 W”. The same page also lists Lamp Type “210 W UHE”, Power Supply Voltage “100 – 240 V ± 10%, 50/60 Hz, 3.5 – 1.6A”, and Operating Temperature “41 ˚ to 95 ˚F (5 ˚ to 35 ˚C)”. The manufacturer does not state what content or color mode was on screen during measurement.",2026-08-08,high
projector,Video projector,av_entertainment,video_projector,electrical,running_watts_low,102,W,,,verified,false,official,brand_spec_sheet,https://mediaserver.goepson.com/ImConvServlet/imconv/fde3c4cabe375ca48ae8fcb448caec8b30a049df/original?assetDescr=EpiqVision_EF12_Mini_Streaming_Laser_Projector_Specification_Sheet_CPD-59737.pdf,"Epson · EpiqVision Mini EF12 Streaming Laser Projector official specification sheet (CPD-59737, product number V11HA14020)","Specification sheet, Power Consumption section: “ECO Mode: 73 W”, “Normal Mode: 102 W”. The same page also lists Light Source Type “Laser Diode”, Power Supply Voltage “100 - 240 V AC +/- 10%, 50/60 Hz”, Operating Temperature “41°- 86°F (5° - 30°C)”, Weight “4.7 lb”. This row takes the Normal Mode figure, on the same basis as running_watts / running_watts_high.",2026-08-08,high
projector,Video projector,av_entertainment,video_projector,electrical,running_watts_high,386,W,,,verified,false,official,brand_spec_sheet,https://mediaserver.goepson.com/ImConvServlet/imconv/acb17f80e70dda3a29f56fdd665b9bc2f2901ff6/original?assetDescr=Home_Cinema_3200_Projector_Specification_Sheet_CPD-58081,"Epson · Home Cinema 3200 Projector official specification sheet (CPD-58081, product number V11H961020)","Specification sheet, Power Consumption section: “ECO Mode: 291 W”, “Normal Mode: 386 W”, “Energy Saving Standby: 0.5 W”. The same page also lists Lamp Type “250 W UHE”, Power Supply Voltage “100 – 240 VAC ± 10%, 50/60 Hz”, Weight “14.6 lb”. This row takes the Normal Mode figure, on the same basis as the other two rows.",2026-08-08,high
projector,Video projector,av_entertainment,video_projector,electrical,startup_surge_multiplier,,ratio,,,unknown,false,,,,,,,unknown
projector,Video projector,av_entertainment,video_projector,electrical,startup_surge_watts,,W,,,unknown,false,,,,,,,unknown
projector,Video projector,av_entertainment,video_projector,electrical,surge_duration_ms,,ms,,,unknown,false,,,,,,,unknown
projector,Video projector,av_entertainment,video_projector,electrical,motor_type,none,,,,verified,false,official,brand_spec_sheet,https://mediaserver.goepson.com/ImConvServlet/imconv/be8a3a0944f4c8c0c45ec06762d1164e44adbb52/original?assetDescr=HC880_Product-Spec-Sheet_CPD-59951.pdf,Epson · Home Cinema 880 official specification sheet (CPD-59951),The specification sheet lists only a cooling fan (Fan Noise section: Normal Mode 37 dB / Quiet Mode 28 dB) and manual zoom/focus as moving parts; there is no drive motor. The fan is a small DC blower and does not count as a motor load for the purposes of this record.,2026-08-08,medium
projector,Video projector,av_entertainment,video_projector,electrical,power_factor,,ratio,,,unknown,false,,,,,,,unknown
projector,Video projector,av_entertainment,video_projector,electrical,apparent_power_va,,VA,,,unknown,false,,,,,,,unknown
projector,Video projector,av_entertainment,video_projector,electrical,requires_pure_sine,,,,,unknown,false,,,,,,,unknown
projector,Video projector,av_entertainment,video_projector,electrical,standby_watts,0.3,W,0.3,0.5,verified,false,official,brand_spec_sheet,https://mediaserver.goepson.com/ImConvServlet/imconv/be8a3a0944f4c8c0c45ec06762d1164e44adbb52/original?assetDescr=HC880_Product-Spec-Sheet_CPD-59951.pdf,Epson · Home Cinema 880 official specification sheet (CPD-59951),"Specification sheet, Power Consumption section, third line: “Energy Saving 0.3 W”. The Home Cinema 3200's corresponding line reads “Energy Saving Standby: 0.5 W”.",2026-08-08,high
projector,Video projector,av_entertainment,video_projector,duty_cycle,default_duty_cycle,1,ratio,,,verified,false,official,brand_spec_sheet,https://mediaserver.goepson.com/ImConvServlet/imconv/be8a3a0944f4c8c0c45ec06762d1164e44adbb52/original?assetDescr=HC880_Product-Spec-Sheet_CPD-59951.pdf,"Epson · Home Cinema 880 official specification sheet (CPD-59951), Power Consumption section","The manufacturer gives power consumption by operating mode (Normal Mode / ECO Mode / Energy Saving); all three are steady-state settings, and the specification sheet describes no on/off cycling or intermittent duty. The load is continuous while projecting.",2026-08-08,high
projector,Video projector,av_entertainment,video_projector,duty_cycle,typical_daily_runtime_h,,h,,,unknown,false,,,,,,,unknown
projector,Video projector,av_entertainment,video_projector,energy,daily_wh,,Wh,,,unknown,false,,,,,,,unknown
refrigerator-full-size,Full-size refrigerator,refrigeration,household_refrigerator_freezer,electrical,running_watts,55,W,55,88,verified,true,official,brand_spec_sheet,https://na2.electroluxmedia.com/Original/Electrolux/Electrolux%20Assets/Document/Product%20Specifications%20Sheet/English/FFTR1814W_EN.pdf,Frigidaire · FFTR1814W 18.3 cu ft refrigerator official specification sheet,"Two-step derived value. Basis: instantaneous power while the compressor is running, the same basis as duty_cycle. The manufacturer's EnergyGuide annual energy of 410 kWh ÷ 8760 h = 46.8 W year-round average power; that ÷ the default duty cycle of 0.85 (the midpoint of GE's official “80% to 90% of the time”) = 55.1 W, stored rounded to 55 W.",2026-08-01,low
refrigerator-full-size,Full-size refrigerator,refrigeration,household_refrigerator_freezer,electrical,running_watts_low,55,W,,,verified,true,official,brand_spec_sheet,https://na2.electroluxmedia.com/Original/Electrolux/Electrolux%20Assets/Document/Product%20Specifications%20Sheet/English/FFTR1814W_EN.pdf,Frigidaire · FFTR1814W 18.3 cu ft refrigerator official specification sheet,"Derived, on the basis of instantaneous power while the compressor runs: 410 kWh/year ÷ 8760 h ÷ 0.85 duty cycle = 55.1 W (18.3 cu ft, non-ENERGY STAR model)",2026-08-01,low
refrigerator-full-size,Full-size refrigerator,refrigeration,household_refrigerator_freezer,electrical,running_watts_high,88,W,,,verified,true,official,brand_spec_sheet,https://www.midea.com/content/dam/midea-aem/us/refrigerators/full-size-refrigerators/21-6-cu-ft-french-door-refrigerator-with-ice-and-water-dispenser-mrq22d7ast/MRQ22D7AST.pdf,Midea · MRQ22D7AST FTC EnergyGuide label,"Derived, on the basis of instantaneous power while the compressor runs: FTC EnergyGuide rating of 658 kWh/year ÷ 8760 h ÷ 0.85 duty cycle = 88.4 W (21.6 cu ft French door, ENERGY STAR certified, with ice maker and water dispenser)",2026-08-01,low
refrigerator-full-size,Full-size refrigerator,refrigeration,household_refrigerator_freezer,electrical,startup_surge_multiplier,5.2,ratio,5.2,5.4,verified,true,official,brand_spec_sheet,https://tproduct.tecumseh.com/Home/PDFURL/AE4456Y-AA1C?Check=Model,Tecumseh · AE4456Y-AA1C compressor data sheet (115 V),"Value taken by analogy: Tecumseh AE4456Y-AA1C compressor data sheet, LRA 44.5 A / RLA 8.53 A = 5.2×. That model is a commercial back-pressure unit (HBP/CBP), not a household low-back-pressure (LBP) unit",2026-08-01,low
refrigerator-full-size,Full-size refrigerator,refrigeration,household_refrigerator_freezer,electrical,startup_surge_watts,,W,,,unknown,false,,,,,,,unknown
refrigerator-full-size,Full-size refrigerator,refrigeration,household_refrigerator_freezer,electrical,surge_duration_ms,200,ms,100,300,verified,false,official,brand_support_kb,https://copeland.custhelp.com/app/answers/detail/a_id/2348/~/locked-rotor-amperage-(lra),Copeland (Emerson) · technical note on compressor locked-rotor amperage (LRA),Copeland's official statement: the inrush “lasts from 100 to 300 milliseconds until the rotor starts turning”,2026-08-01,medium
refrigerator-full-size,Full-size refrigerator,refrigeration,household_refrigerator_freezer,electrical,motor_type,reciprocating_compressor,,,,verified,false,official,brand_spec_sheet,https://tproduct.tecumseh.com/Home/PDFURL/AE4456Y-AA1C?Check=Model,Tecumseh · AE4456Y-AA1C compressor data sheet (115 V),"Tecumseh data sheet, Motor Type: CSIR (capacitor start, induction run); Motor Torque: High Start Torque (HST)",2026-08-01,medium
refrigerator-full-size,Full-size refrigerator,refrigeration,household_refrigerator_freezer,electrical,power_factor,,ratio,,,unknown,false,,,,,,,unknown
refrigerator-full-size,Full-size refrigerator,refrigeration,household_refrigerator_freezer,electrical,requires_pure_sine,,,,,unknown,false,,,,,,,unknown
refrigerator-full-size,Full-size refrigerator,refrigeration,household_refrigerator_freezer,electrical,standby_watts,,W,,,unknown,false,,,,,,,unknown
refrigerator-full-size,Full-size refrigerator,refrigeration,household_refrigerator_freezer,duty_cycle,default_duty_cycle,0.85,ratio,0.5,1,verified,false,official,brand_support_kb,https://products.geappliances.com/appliance/gea-support-search-content?contentId=19194,GE Appliances · support note on refrigerator compressor run time,GE Appliances official support content: “Modern refrigerators have compressors that are designed to run 80% to 90% of the time.” (no ambient temperature stated),2026-08-01,high
refrigerator-full-size,Full-size refrigerator,refrigeration,household_refrigerator_freezer,duty_cycle,cycle_period_min,,min,,,unknown,false,,,,,,,unknown
refrigerator-full-size,Full-size refrigerator,refrigeration,household_refrigerator_freezer,duty_cycle,typical_daily_runtime_h,,h,,,unknown,false,,,,,,,unknown
refrigerator-full-size,Full-size refrigerator,refrigeration,household_refrigerator_freezer,energy,annual_kwh,410,kWh,410,658,verified,false,official,brand_spec_sheet,https://na2.electroluxmedia.com/Original/Electrolux/Electrolux%20Assets/Document/Product%20Specifications%20Sheet/English/FFTR1814W_EN.pdf,Frigidaire · FFTR1814W 18.3 cu ft refrigerator official specification sheet,"Manufacturer specification sheet, Annual Energy 410 kWh; Total Capacity 18.3 Cu. Ft.; Refrigerant R-600A",2026-08-01,high
refrigerator-full-size,Full-size refrigerator,refrigeration,household_refrigerator_freezer,energy,daily_wh,1123,Wh,1123,1803,verified,false,official,brand_spec_sheet,https://na2.electroluxmedia.com/Original/Electrolux/Electrolux%20Assets/Document/Product%20Specifications%20Sheet/English/FFTR1814W_EN.pdf,Frigidaire · FFTR1814W 18.3 cu ft refrigerator official specification sheet,Derived: 410 kWh/year ÷ 365 days = 1123 Wh/day,2026-08-01,medium
router-modem,Router + modem,networking,home_network_equipment,electrical,running_watts,9.1,W,2.3,17,verified,false,official,government_standard,https://publications.jrc.ec.europa.eu/repository/bitstream/JRC106039/ictcoc-ecbe-v6_feb_2017_final.pdf,EU JRC · Code of Conduct on Energy Consumption of Broadband Equipment v6.0 (configuration example power table),"EU JRC Code of Conduct on Energy Consumption of Broadband Equipment v6.0, Annex D configuration example: DOCSIS 3.0 CPE 8×4 + 1 GbE, on-state 9.1 W (2017 target) / 8.1 W (2018 target)",2026-08-01,high
router-modem,Router + modem,networking,home_network_equipment,electrical,running_watts_low,3.1,W,,,verified,false,official,government_standard,https://www.energystar.gov/sites/default/files/specs/SmallNetworkEquipment_V1_ENERGYSTAR_ProgramRequirements_Nov2013_0.pdf,ENERGY STAR · Small Network Equipment V1.0 specification (base power allowance table),"ENERGY STAR Small Network Equipment V1.0 specification, Table 1 base power allowance: Router = 3.1 W (idle-state)",2026-08-01,high
router-modem,Router + modem,networking,home_network_equipment,electrical,running_watts_high,17,W,,,verified,false,official,government_standard,https://publications.jrc.ec.europa.eu/repository/bitstream/JRC106039/ictcoc-ecbe-v6_feb_2017_final.pdf,EU JRC · Code of Conduct on Energy Consumption of Broadband Equipment v6.0 (configuration example power table),Derived: an order-of-magnitude upper bound from summing JRC Annex D's VDSL2 gateway on-state 9.3 W + DOCSIS CPE 9.1 W,2026-08-01,medium
router-modem,Router + modem,networking,home_network_equipment,electrical,startup_surge_multiplier,,ratio,,,unknown,false,,,,,,,unknown
router-modem,Router + modem,networking,home_network_equipment,electrical,startup_surge_watts,,W,,,unknown,false,,,,,,,unknown
router-modem,Router + modem,networking,home_network_equipment,electrical,surge_duration_ms,50,ms,,,verified,false,official,brand_spec_sheet,https://theswissbay.ch/pdf/Datasheets/ATX12V_PSDG_2_2_public_br2.pdf,Intel · ATX12V power supply design guide v2.2 (inrush duration definition),"Intel ATX12V guide's three line cycles definition for switching power supply inrush, 50 ms at 60 Hz; value taken by analogy",2026-08-01,low
router-modem,Router + modem,networking,home_network_equipment,electrical,motor_type,none,,,,verified,false,official,government_standard,https://www.energystar.gov/sites/default/files/specs/SmallNetworkEquipment_V1_ENERGYSTAR_ProgramRequirements_Nov2013_0.pdf,ENERGY STAR · Small Network Equipment V1.0 specification (base power allowance table),,2026-08-01,high
router-modem,Router + modem,networking,home_network_equipment,electrical,power_factor,,ratio,,,unknown,false,,,,,,,unknown
router-modem,Router + modem,networking,home_network_equipment,electrical,requires_pure_sine,,,,,unknown,false,,,,,,,unknown
router-modem,Router + modem,networking,home_network_equipment,electrical,standby_watts,8,W,0.5,8,verified,false,official,,https://www.legislation.gov.uk/eur/2008/1275,Commission Regulation (EC) No 1275/2008 · ecodesign requirements for standby and off mode power consumption,"Regulatory ceiling, not a measured value: EU (EC) No 1275/2008 Annex II, networked standby limit for HiNA (High Network Availability) equipment “shall not exceed 8,00 W” (from 2017-01-01). Non-HiNA networked standby limit 2,00 W (from 2019-01-01); off mode and standard standby limit 0,50 W",2026-08-01,high
router-modem,Router + modem,networking,home_network_equipment,duty_cycle,default_duty_cycle,1,ratio,,,verified,false,official,government_standard,https://publications.jrc.ec.europa.eu/repository/bitstream/JRC106039/ictcoc-ecbe-v6_feb_2017_final.pdf,EU JRC · Code of Conduct on Energy Consumption of Broadband Equipment v6.0 (configuration example power table),"Continuously online device, no on/off cycling; the JRC document distinguishes idle-state from on-state, but both are continuously powered states",2026-08-01,high
router-modem,Router + modem,networking,home_network_equipment,duty_cycle,typical_daily_runtime_h,24,h,,,verified,false,official,government_standard,https://publications.jrc.ec.europa.eu/repository/bitstream/JRC106039/ictcoc-ecbe-v6_feb_2017_final.pdf,EU JRC · Code of Conduct on Energy Consumption of Broadband Equipment v6.0 (configuration example power table),Device powered year-round,2026-08-01,high
rv-rooftop-air-conditioner,RV rooftop air conditioner,rv_marine,rv_rooftop_ac,electrical,running_watts,1690,W,1690,2050,verified,false,official,brand_spec_sheet,https://prestigefoodtrucks.com/wp-content/uploads/2017/12/Airxcel-AC-units-15k-BTU.pdf,Airxcel/Coleman-Mach · Mach 15 lookup data table (482X4-8XX),"Airxcel/Coleman-Mach Mach 15 data table: Running Watts (cooling) A.R.I. Standard Condition (80 F. DB 67 F. WB Indoor, 95 F. DB Outdoor) = 1690. 115 VAC 60 Hz 1 Phase",2026-08-01,high
rv-rooftop-air-conditioner,RV rooftop air conditioner,rv_marine,rv_rooftop_ac,electrical,running_watts_low,1690,W,,,verified,false,official,brand_spec_sheet,https://prestigefoodtrucks.com/wp-content/uploads/2017/12/Airxcel-AC-units-15k-BTU.pdf,Airxcel/Coleman-Mach · Mach 15 lookup data table (482X4-8XX),A.R.I. standard condition (outdoor 95 °F),2026-08-01,high
rv-rooftop-air-conditioner,RV rooftop air conditioner,rv_marine,rv_rooftop_ac,electrical,running_watts_high,2050,W,,,verified,false,official,brand_spec_sheet,https://prestigefoodtrucks.com/wp-content/uploads/2017/12/Airxcel-AC-units-15k-BTU.pdf,Airxcel/Coleman-Mach · Mach 15 lookup data table (482X4-8XX),"Desert Condition(100 F. DB 72 F. WB Indoor, 120 F. DB Outdoor)= 2050 W",2026-08-01,high
rv-rooftop-air-conditioner,RV rooftop air conditioner,rv_marine,rv_rooftop_ac,electrical,startup_surge_multiplier,5.1,ratio,4.2,5.5,verified,false,official,brand_manual_pdf,https://media.dometic.com/externalassets/dometic-penguin-ii_9105306428_71275.pdf,"Dometic · Penguin II / Brisk II installation instructions, Unit Data table (Form 3315085.000 Rev G)","Dometic installation instructions, Unit Data table (Form 3315085.000 Rev G, 120 Vac 60 Hz 1 ph): 13,500 BTU model, Compressor Rated Load Amps 12.4 / Compressor Locked Rotor Amps 63.0, ratio 5.1",2026-08-01,high
rv-rooftop-air-conditioner,RV rooftop air conditioner,rv_marine,rv_rooftop_ac,electrical,startup_surge_watts,8400,W,6240,8400,verified,false,official,brand_manual_pdf,https://media.dometic.com/externalassets/dometic-penguin-ii_9105306428_71275.pdf,"Dometic · Penguin II / Brisk II installation instructions, Unit Data table (Form 3315085.000 Rev G)","15,000 BTU model, highest Compressor Locked Rotor Amps 70.0 × 120 V = 8400 VA",2026-08-01,high
rv-rooftop-air-conditioner,RV rooftop air conditioner,rv_marine,rv_rooftop_ac,electrical,surge_duration_ms,200,ms,100,300,verified,false,official,brand_support_kb,https://copeland.custhelp.com/app/answers/detail/a_id/2348/~/locked-rotor-amperage-(lra),Copeland (Emerson) · technical note on compressor locked-rotor amperage (LRA),Copeland: the inrush “lasts from 100 to 300 milliseconds until the rotor starts turning”,2026-08-01,medium
rv-rooftop-air-conditioner,RV rooftop air conditioner,rv_marine,rv_rooftop_ac,electrical,motor_type,rotary_compressor,,,,verified,false,official,brand_spec_sheet,https://prestigefoodtrucks.com/wp-content/uploads/2017/12/Airxcel-AC-units-15k-BTU.pdf,Airxcel/Coleman-Mach · Mach 15 lookup data table (482X4-8XX),"Coleman-Mach data table, Metering Device: Capillary Tube; refrigerant R-410A 17.00 oz",2026-08-01,medium
rv-rooftop-air-conditioner,RV rooftop air conditioner,rv_marine,rv_rooftop_ac,electrical,power_factor,0.95,ratio,,,verified,false,official,brand_spec_sheet,https://prestigefoodtrucks.com/wp-content/uploads/2017/12/Airxcel-AC-units-15k-BTU.pdf,Airxcel/Coleman-Mach · Mach 15 lookup data table (482X4-8XX),"Back-calculated from the manufacturer's same table, 1690 W and combined 15.4 A @115 V (1690 / 1771 VA)",2026-08-01,medium
rv-rooftop-air-conditioner,RV rooftop air conditioner,rv_marine,rv_rooftop_ac,electrical,requires_pure_sine,,,,,unknown,false,,,,,,,unknown
rv-rooftop-air-conditioner,RV rooftop air conditioner,rv_marine,rv_rooftop_ac,electrical,standby_watts,,W,,,unknown,false,,,,,,,unknown
rv-rooftop-air-conditioner,RV rooftop air conditioner,rv_marine,rv_rooftop_ac,duty_cycle,default_duty_cycle,,ratio,,,unknown,false,,,,,,,unknown
rv-rooftop-air-conditioner,RV rooftop air conditioner,rv_marine,rv_rooftop_ac,duty_cycle,cycle_period_min,,min,,,unknown,false,,,,,,,unknown
rv-rooftop-air-conditioner,RV rooftop air conditioner,rv_marine,rv_rooftop_ac,duty_cycle,typical_daily_runtime_h,,h,,,unknown,false,,,,,,,unknown
space-heater-1500w,Electric space heater (1500 W),hvac_heating,portable_electric_heater,electrical,running_watts,1500,W,900,2000,verified,false,official,brand_product_page,https://lasko.com/products/lasko-1500w-full-circle-warmth-ceramic-tower-heater-ct22360-black,Lasko · CT22360 ceramic tower heater official specifications,Manufacturer official specifications: Energy Output 900 W to 1500 W; 120 V; Current 7.5 A to 12.5 A; two heat settings + adjustable thermostat,2026-08-01,high
space-heater-1500w,Electric space heater (1500 W),hvac_heating,portable_electric_heater,electrical,running_watts_low,900,W,,,verified,false,official,brand_product_page,https://lasko.com/products/lasko-1500w-full-circle-warmth-ceramic-tower-heater-ct22360-black,Lasko · CT22360 ceramic tower heater official specifications,Manufacturer low setting: Energy Output floor 900 W / 7.5 A,2026-08-01,high
space-heater-1500w,Electric space heater (1500 W),hvac_heating,portable_electric_heater,electrical,running_watts_high,1500,W,,,verified,false,official,brand_product_page,https://lasko.com/products/lasko-1500w-full-circle-warmth-ceramic-tower-heater-ct22360-black,Lasko · CT22360 ceramic tower heater official specifications,Manufacturer high setting: 1500 W / 12.5 A @120 V,2026-08-01,high
space-heater-1500w,Electric space heater (1500 W),hvac_heating,portable_electric_heater,electrical,startup_surge_multiplier,,ratio,,,unknown,false,,,,,,,unknown
space-heater-1500w,Electric space heater (1500 W),hvac_heating,portable_electric_heater,electrical,startup_surge_watts,,W,,,unknown,false,,,,,,,unknown
space-heater-1500w,Electric space heater (1500 W),hvac_heating,portable_electric_heater,electrical,surge_duration_ms,,ms,,,unknown,false,,,,,,,unknown
space-heater-1500w,Electric space heater (1500 W),hvac_heating,portable_electric_heater,electrical,motor_type,none,,,,verified,false,official,brand_product_page,https://lasko.com/products/lasko-1500w-full-circle-warmth-ceramic-tower-heater-ct22360-black,Lasko · CT22360 ceramic tower heater official specifications,,2026-08-01,medium
space-heater-1500w,Electric space heater (1500 W),hvac_heating,portable_electric_heater,electrical,power_factor,,ratio,,,unknown,false,,,,,,,unknown
space-heater-1500w,Electric space heater (1500 W),hvac_heating,portable_electric_heater,electrical,requires_pure_sine,,,,,unknown,false,,,,,,,unknown
space-heater-1500w,Electric space heater (1500 W),hvac_heating,portable_electric_heater,electrical,standby_watts,,W,,,unknown,false,,,,,,,unknown
space-heater-1500w,Electric space heater (1500 W),hvac_heating,portable_electric_heater,duty_cycle,default_duty_cycle,1,ratio,,,verified,false,official,brand_product_page,https://lasko.com/products/lasko-1500w-full-circle-warmth-ceramic-tower-heater-ct22360-black,Lasko · CT22360 ceramic tower heater official specifications,Conservative value assuming the thermostat stays closed and the heating element conducts continuously; the manufacturer does not publish the thermostat cycling duty cycle,2026-08-01,low
space-heater-1500w,Electric space heater (1500 W),hvac_heating,portable_electric_heater,duty_cycle,cycle_period_min,,min,,,unknown,false,,,,,,,unknown
space-heater-1500w,Electric space heater (1500 W),hvac_heating,portable_electric_heater,duty_cycle,typical_daily_runtime_h,,h,,,unknown,false,,,,,,,unknown
starlink-mini,Starlink Mini,networking,satellite_internet_terminal,electrical,running_watts,30,W,20,40,conflict,false,official,brand_support_kb,https://www.starlink.com/support/article/18836c7e-2d97-6153-fe67-c18427bd0558,Starlink · official support center power consumption note,"Starlink official support center: “Starlink Mini power specifications: Average: 20-40W / Idle: 15W”; “Note that the specs are based on AC input power averages.” The specification covers the antenna, WiFi router, power supply, and cables",2026-08-01,medium
starlink-mini,Starlink Mini,networking,satellite_internet_terminal,electrical,running_watts_low,20,W,,,verified,false,official,brand_support_kb,https://www.starlink.com/support/article/18836c7e-2d97-6153-fe67-c18427bd0558,Starlink · official support center power consumption note,"Official support center range floor, 20 W. The specification sheet from the same manufacturer gives 25 W for the same floor; the two official documents disagree and the difference is unresolved",2026-08-01,medium
starlink-mini,Starlink Mini,networking,satellite_internet_terminal,electrical,running_watts_high,40,W,,,verified,false,official,brand_support_kb,https://www.starlink.com/support/article/18836c7e-2d97-6153-fe67-c18427bd0558,Starlink · official support center power consumption note,"Both official documents agree on the range ceiling, 40 W",2026-08-01,high
starlink-mini,Starlink Mini,networking,satellite_internet_terminal,electrical,startup_surge_multiplier,,ratio,,,unknown,false,,,,,,,unknown
starlink-mini,Starlink Mini,networking,satellite_internet_terminal,electrical,startup_surge_watts,60,W,,,verified,false,official,brand_spec_sheet,https://starlink.com/public-files/specification_sheet_mini.pdf,Starlink · Mini official specification sheet,"Official specification sheet: “Input Rating 12-48 V 60 W” — a power-supply-side rated ceiling, not a measured surge",2026-08-01,medium
starlink-mini,Starlink Mini,networking,satellite_internet_terminal,electrical,surge_duration_ms,,ms,,,unknown,false,,,,,,,unknown
starlink-mini,Starlink Mini,networking,satellite_internet_terminal,electrical,motor_type,none,,,,verified,false,official,brand_spec_sheet,https://starlink.com/public-files/specification_sheet_mini.pdf,Starlink · Mini official specification sheet,,2026-08-01,high
starlink-mini,Starlink Mini,networking,satellite_internet_terminal,electrical,power_factor,,ratio,,,unknown,false,,,,,,,unknown
starlink-mini,Starlink Mini,networking,satellite_internet_terminal,electrical,requires_pure_sine,,,,,unknown,false,,,,,,,unknown
starlink-mini,Starlink Mini,networking,satellite_internet_terminal,electrical,standby_watts,15,W,,,verified,false,official,brand_support_kb,https://www.starlink.com/support/article/18836c7e-2d97-6153-fe67-c18427bd0558,Starlink · official support center power consumption note,Starlink official support center: “Starlink Mini power specifications: Average: 20-40W / Idle: 15W”,2026-08-01,high
starlink-mini,Starlink Mini,networking,satellite_internet_terminal,duty_cycle,default_duty_cycle,1,ratio,,,verified,false,official,brand_support_kb,https://www.starlink.com/support/article/18836c7e-2d97-6153-fe67-c18427bd0558,Starlink · official support center power consumption note,"A device that stays online continuously, with no on/off cycling",2026-08-01,high
starlink-mini,Starlink Mini,networking,satellite_internet_terminal,duty_cycle,typical_daily_runtime_h,,h,,,unknown,false,,,,,,,unknown
starlink-mini,Starlink Mini,networking,satellite_internet_terminal,energy,daily_wh,720,Wh,480,960,conflict,true,official,brand_support_kb,https://www.starlink.com/support/article/18836c7e-2d97-6153-fe67-c18427bd0558,Starlink · official support center power consumption note,"Derived: 30 W × 24 h, continuously online. 30 W is not a number stated by any source; it is the midpoint of the range in an unresolved disagreement between two official documents on the /electrical/running_watts field.",2026-08-01,low
sump-pump,Sump pump,water,submersible_sump_pump,electrical,running_watts,720,W,,,verified,false,official,brand_spec_sheet,https://www.littlegiant.com/products/sump--effluent-pumps--systems/sump-pumps----solids-handling/1-3-hp-sump-pumps/6-series/6-series-order-information/506125/,Little Giant (Franklin Electric) · 6-CIA ordering information page (item 506125),"Manufacturer product page specification table, line by line: Volts 115 VAC / Amps – Full Load 9 A / Amps – Starting 14.3 A / Full Load Watts 720 W / Phase Single-Phase. This is real power itself, not apparent power converted from current.",2026-08-08,medium
sump-pump,Sump pump,water,submersible_sump_pump,electrical,running_watts_low,,W,,,unknown,false,,,,,,,unknown
sump-pump,Sump pump,water,submersible_sump_pump,electrical,running_watts_high,,W,,,unknown,false,,,,,,,unknown
sump-pump,Sump pump,water,submersible_sump_pump,electrical,apparent_power_va,1035,VA,598,1116,verified,true,official,brand_spec_sheet,https://www.littlegiant.com/products/sump--effluent-pumps--systems/sump-pumps----solids-handling/1-3-hp-sump-pumps/6-series/6-series-order-information/506125/,Little Giant (Franklin Electric) · 6-CIA ordering information page (item 506125),"S [VA] = I [A] × V [V]: Little Giant 6-CIA full load 9.0 A × 115 V = 1035 VA. Same machine, same table, same page as the 720 W figure.",2026-08-08,medium
sump-pump,Sump pump,water,submersible_sump_pump,electrical,startup_surge_multiplier,2.88,ratio,1.54,2.88,verified,false,official,brand_spec_sheet,https://www.libertypumps.com/Portals/0/Files/Engineering%20Specifications/English/280-Series_EN.pdf,Liberty Pumps · 280 series 1/2 hp engineering specification sheet (doc 280_P3 R04/2025),"The manufacturer's spec sheet gives FULL LOAD AMPS 8.0 and LOCKED ROTOR AMPS 23 on the same line (1/2 hp, 115 V); 23/8.0=2.88",2026-08-01,high
sump-pump,Sump pump,water,submersible_sump_pump,electrical,startup_surge_watts,2645,W,920,2645,verified,false,official,brand_spec_sheet,https://www.libertypumps.com/Portals/0/Files/Engineering%20Specifications/English/280-Series_EN.pdf,Liberty Pumps · 280 series 1/2 hp engineering specification sheet (doc 280_P3 R04/2025),"LOCKED ROTOR AMPS 23 @ 115 V, converted to 2645 VA (1/2 hp model)",2026-08-01,high
sump-pump,Sump pump,water,submersible_sump_pump,electrical,surge_duration_ms,500,ms,,,verified,false,official,brand_manual_pdf,https://www.geotechenv.com/Manuals/Franklin_AIM/Electric_Submersible_Motors_AIM.pdf,Franklin Electric · AIM Manual 60 Hz (encapsulated motor table 30 / generator sizing table 3),Franklin Electric's general statement for submersible motors: “the motor speed goes from zero to full speed within a half second or less”; the original text is for three-phase motors,2026-08-01,low
sump-pump,Sump pump,water,submersible_sump_pump,electrical,motor_type,induction,,,,verified,false,official,brand_spec_sheet,https://www.watersourcett.com/wp-content/uploads/2015/09/Zoeller%20M53%20Technical%20Data.pdf,Zoeller · M53 Mighty-Mate technical data sheet FM2778,Zoeller M53 nameplate Type is Shaded pole; Zoeller M98 (1/2 HP) is Permanent split capacitor,2026-08-01,high
sump-pump,Sump pump,water,submersible_sump_pump,electrical,power_factor,0.69,ratio,,,verified,true,official,brand_spec_sheet,https://www.littlegiant.com/products/sump--effluent-pumps--systems/sump-pumps----solids-handling/1-3-hp-sump-pumps/6-series/6-series-order-information/506125/,Little Giant (Franklin Electric) · 6-CIA ordering information page (item 506125),"Two official numbers from the same specification table for the same machine, divided: Full Load Watts 720 W ÷ (Full Load Amps 9 A × Volts 115 VAC) = 720 ÷ 1035.",2026-08-08,medium
sump-pump,Sump pump,water,submersible_sump_pump,electrical,requires_pure_sine,,,,,unknown,false,,,,,,,unknown
sump-pump,Sump pump,water,submersible_sump_pump,electrical,standby_watts,0,W,,,verified,false,official,brand_spec_sheet,https://www.watersourcett.com/wp-content/uploads/2015/09/Zoeller%20M53%20Technical%20Data.pdf,Zoeller · M53 Mighty-Mate technical data sheet FM2778,"No current when the mechanical float switch is open; Zoeller specification Auto On/Off Points 7-1/4"" / 3""",2026-08-01,medium
sump-pump,Sump pump,water,submersible_sump_pump,duty_cycle,default_duty_cycle,,ratio,,,unknown,false,,,,,,,unknown
sump-pump,Sump pump,water,submersible_sump_pump,duty_cycle,cycle_period_min,,min,,,unknown,false,,,,,,,unknown
sump-pump,Sump pump,water,submersible_sump_pump,duty_cycle,typical_daily_runtime_h,,h,,,unknown,false,,,,,,,unknown
tv-led,LED TV,av_entertainment,television,electrical,running_watts,107.5,W,31.7,171.2,verified,false,official,government_standard,https://data.energystar.gov/resource/pd96-rr3d.json,ENERGY STAR · certified televisions measured-product dataset (Socrata API),"ENERGY STAR certified television dataset, measured aggregate: 54–66 inch segment, n=65, On Mode power mean 107.50 W (min 72.52 / max 134.53). Tested per ENERGY STAR Televisions V9.1 specification",2026-08-01,high
tv-led,LED TV,av_entertainment,television,electrical,running_watts_low,31.7,W,,,verified,false,official,government_standard,https://data.energystar.gov/resource/pd96-rr3d.json,ENERGY STAR · certified televisions measured-product dataset (Socrata API),"30–34 inch segment, measured mean (n=7, range 27.24–35.64 W)",2026-08-01,high
tv-led,LED TV,av_entertainment,television,electrical,running_watts_high,171.2,W,,,verified,false,official,government_standard,https://data.energystar.gov/resource/pd96-rr3d.json,ENERGY STAR · certified televisions measured-product dataset (Socrata API),"≥74 inch segment, measured mean (n=51, range 119.51–343.50 W)",2026-08-01,high
tv-led,LED TV,av_entertainment,television,electrical,startup_surge_multiplier,,ratio,,,unknown,false,,,,,,,unknown
tv-led,LED TV,av_entertainment,television,electrical,startup_surge_watts,,W,,,unknown,false,,,,,,,unknown
tv-led,LED TV,av_entertainment,television,electrical,surge_duration_ms,50,ms,,,verified,false,official,brand_spec_sheet,https://theswissbay.ch/pdf/Datasheets/ATX12V_PSDG_2_2_public_br2.pdf,Intel · ATX12V power supply design guide v2.2 (inrush duration definition),"Intel ATX12V power supply design guide v2.2 §3.1.2: inrush is bounded within “three line cycles”, which works out to 50 ms at 60 Hz. The guide is written for PC power supplies, not televisions",2026-08-01,low
tv-led,LED TV,av_entertainment,television,electrical,motor_type,none,,,,verified,false,official,government_standard,https://data.energystar.gov/resource/pd96-rr3d.json,ENERGY STAR · certified televisions measured-product dataset (Socrata API),,2026-08-01,high
tv-led,LED TV,av_entertainment,television,electrical,power_factor,,ratio,,,unknown,false,,,,,,,unknown
tv-led,LED TV,av_entertainment,television,electrical,requires_pure_sine,,,,,unknown,false,,,,,,,unknown
tv-led,LED TV,av_entertainment,television,electrical,standby_watts,0.48,W,0,0.86,verified,false,official,government_standard,https://data.energystar.gov/resource/pd96-rr3d.json,ENERGY STAR · certified televisions measured-product dataset (Socrata API),"ENERGY STAR dataset, measured: 54–66 inch segment, networked-standby mean 0.478 W; across the whole dataset n=175, networked-standby mean 0.424 W (0.00–0.86 W), non-networked mean 0.315 W",2026-08-01,high
tv-led,LED TV,av_entertainment,television,duty_cycle,default_duty_cycle,1,ratio,,,verified,false,official,government_standard,https://www.govinfo.gov/content/pkg/CFR-2023-title10-vol3/xml/CFR-2023-title10-vol3-part430-subpartB-appH.xml,US DOE · 10 CFR 430 Appendix H television test procedure (govinfo),"A continuous load while powered on, with no on/off cycling",2026-08-01,high
tv-led,LED TV,av_entertainment,television,duty_cycle,typical_daily_runtime_h,5,h,,,verified,false,official,government_standard,https://www.govinfo.gov/content/pkg/CFR-2023-title10-vol3/xml/CFR-2023-title10-vol3-part430-subpartB-appH.xml,US DOE · 10 CFR 430 Appendix H television test procedure (govinfo),US DOE 10 CFR 430 Appendix H television test procedure: H_on = 5 hours/day (H_standby = 19 hours/day),2026-08-01,high
tv-led,LED TV,av_entertainment,television,energy,annual_kwh,200.18,kWh,60.49,307.74,verified,false,official,government_standard,https://data.energystar.gov/resource/pd96-rr3d.json,ENERGY STAR · certified televisions measured-product dataset (Socrata API),"ENERGY STAR dataset, 54–66 inch segment, measured mean annual energy use (calculated using the Appendix H 5 h/day assumption)",2026-08-01,high
washing-machine,Washing machine,laundry,clothes_washer,electrical,running_watts,1200,W,1200,1320,verified,false,official,brand_spec_sheet,https://www.lg.com/us/support/products/documents/WM4000H_A%20Spec%20Sheet.pdf,LG · WM4000HWA front-load washing machine official specification sheet,"LG official specification sheet, POWER SOURCE: Electrical Requirements 120V, 10 Amps, converted to 1200 VA (US basis; a nameplate ceiling, not a typical running value)",2026-08-01,medium
washing-machine,Washing machine,laundry,clothes_washer,electrical,running_watts_low,,W,,,unknown,false,,,,,,,unknown
washing-machine,Washing machine,laundry,clothes_washer,electrical,running_watts_high,,W,,,unknown,false,,,,,,,unknown
washing-machine,Washing machine,laundry,clothes_washer,electrical,startup_surge_multiplier,,ratio,,,unknown,false,,,,,,,unknown
washing-machine,Washing machine,laundry,clothes_washer,electrical,startup_surge_watts,,W,,,unknown,false,,,,,,,unknown
washing-machine,Washing machine,laundry,clothes_washer,electrical,surge_duration_ms,,ms,,,unknown,false,,,,,,,unknown
washing-machine,Washing machine,laundry,clothes_washer,electrical,motor_type,bldc_inverter,,,,verified,false,official,brand_spec_sheet,https://www.lg.com/us/support/products/documents/WM4000H_A%20Spec%20Sheet.pdf,LG · WM4000HWA front-load washing machine official specification sheet,"LG specification sheet, MOTOR AND AGITATOR: Motor Type is Inverter Direct Drive Motor",2026-08-01,high
washing-machine,Washing machine,laundry,clothes_washer,electrical,power_factor,,ratio,,,unknown,false,,,,,,,unknown
washing-machine,Washing machine,laundry,clothes_washer,electrical,requires_pure_sine,,,,,unknown,false,,,,,,,unknown
washing-machine,Washing machine,laundry,clothes_washer,electrical,standby_watts,0.5,W,0.12,0.5,verified,false,official,brand_manual_pdf,https://media3.bosch-home.com/Documents/9001720787_A.pdf,"Bosch · WAN28281GB washing machine user manual, technical data and energy consumption table (doc 9001720787_A)","Bosch technical data, Power consumption: Off mode 0,12 W; Left-on mode 0,50 W",2026-08-01,high
washing-machine,Washing machine,laundry,clothes_washer,duty_cycle,default_duty_cycle,,ratio,,,unknown,false,,,,,,,unknown
washing-machine,Washing machine,laundry,clothes_washer,duty_cycle,cycle_period_min,215,min,41,224,verified,false,official,brand_manual_pdf,https://media3.bosch-home.com/Documents/9001720787_A.pdf,"Bosch · WAN28281GB washing machine user manual, technical data and energy consumption table (doc 9001720787_A)","Bosch energy-consumption table, Eco 40-60, 8,0 kg: Programme duration 3:35 (215 minutes)",2026-08-01,high
washing-machine,Washing machine,laundry,clothes_washer,duty_cycle,typical_uses_per_day,,cycles,,,unknown,false,,,,,,,unknown
washing-machine,Washing machine,laundry,clothes_washer,energy,per_use_wh,1048,Wh,220,1440,verified,false,official,brand_manual_pdf,https://media3.bosch-home.com/Documents/9001720787_A.pdf,"Bosch · WAN28281GB washing machine user manual, technical data and energy consumption table (doc 9001720787_A)","Bosch, published under EU Ecodesign regulation: Eco 40-60, 8,0 kg full load, 1,048 kWh/cycle; tested with 15 °C cold-water inlet",2026-08-01,high
washing-machine,Washing machine,laundry,clothes_washer,energy,annual_kwh,,kWh,,,unknown,false,,,,,,,unknown
welder-stick,Welder (stick / MIG),power_tools,arc_welder,electrical,running_watts,2700,W,2300,11500,verified,false,official,brand_spec_sheet,https://contenthub.itwwelding.com/api/public/content/hobart-welding-products/spec-sheet/PIM/7259b4-handler-140ez-299171.pdf,"Hobart Welding Products · Handler 140EZ specification sheet (doc 299171, 2025-09)","Hobart Handler 140EZ spec table: Rated Output 90 A at 18.5 VDC, 30% duty cycle; Amps Input at Rated Output 20 A @ 115 V; KVA 3.2; KW 2.7",2026-08-01,medium
welder-stick,Welder (stick / MIG),power_tools,arc_welder,electrical,running_watts_low,2300,W,,,verified,false,official,brand_spec_sheet,https://www.lincolnelectricretail.com/wp-content/uploads/2022/03/Weld-Pak-140-HD-K2514-1-specifications.pdf,Lincoln Electric · Weld-Pak 140 HD specification sheet (Publication E7.39),Lincoln Weld-Pak 140 HD specification sheet: Input Power 120/1/60; Input Current at Rated Output 20A (20×115=2300 VA),2026-08-01,high
welder-stick,Welder (stick / MIG),power_tools,arc_welder,electrical,running_watts_high,11500,W,,,verified,false,official,brand_manual_pdf,https://www.manualslib.com/manual/94935/Lincoln-Electric-Ac-225.html,Lincoln Electric · AC-225 (K1170) technical specifications,Lincoln AC-225 (K1170) technical specifications: Input 230/1/60; Input Current at Rated Output 50A (50×230=11500 VA),2026-08-01,high
welder-stick,Welder (stick / MIG),power_tools,arc_welder,electrical,startup_surge_multiplier,,ratio,,,unknown,false,,,,,,,unknown
welder-stick,Welder (stick / MIG),power_tools,arc_welder,electrical,startup_surge_watts,,W,,,unknown,false,,,,,,,unknown
welder-stick,Welder (stick / MIG),power_tools,arc_welder,electrical,surge_duration_ms,,ms,,,unknown,false,,,,,,,unknown
welder-stick,Welder (stick / MIG),power_tools,arc_welder,electrical,motor_type,none,,,,verified,false,official,brand_spec_sheet,https://contenthub.itwwelding.com/api/public/content/hobart-welding-products/spec-sheet/PIM/7259b4-handler-140ez-299171.pdf,"Hobart Welding Products · Handler 140EZ specification sheet (doc 299171, 2025-09)",,2026-08-01,high
welder-stick,Welder (stick / MIG),power_tools,arc_welder,electrical,power_factor,0.84,ratio,,,verified,false,official,brand_spec_sheet,https://contenthub.itwwelding.com/api/public/content/hobart-welding-products/spec-sheet/PIM/7259b4-handler-140ez-299171.pdf,"Hobart Welding Products · Handler 140EZ specification sheet (doc 299171, 2025-09)","Back-calculated from the manufacturer's same table, KW 2.7 and KVA 3.2 (2.7/3.2=0.84). The manufacturer does not directly state PF",2026-08-01,low
welder-stick,Welder (stick / MIG),power_tools,arc_welder,electrical,requires_pure_sine,,,,,unknown,false,,,,,,,unknown
welder-stick,Welder (stick / MIG),power_tools,arc_welder,electrical,standby_watts,,W,,,unknown,false,,,,,,,unknown
welder-stick,Welder (stick / MIG),power_tools,arc_welder,duty_cycle,default_duty_cycle,0.3,ratio,0.2,0.3,verified,false,official,brand_spec_sheet,https://contenthub.itwwelding.com/api/public/content/hobart-welding-products/spec-sheet/PIM/7259b4-handler-140ez-299171.pdf,"Hobart Welding Products · Handler 140EZ specification sheet (doc 299171, 2025-09)","Manufacturer rated-output condition: Rated Output 90 A at 18.5 VDC, 30% duty cycle",2026-08-01,high
welder-stick,Welder (stick / MIG),power_tools,arc_welder,duty_cycle,cycle_period_min,,min,,,unknown,false,,,,,,,unknown
welder-stick,Welder (stick / MIG),power_tools,arc_welder,duty_cycle,typical_daily_runtime_h,,h,,,unknown,false,,,,,,,unknown
well-pump,Well pump,water,submersible_well_pump,electrical,running_watts,660,W,660,1690,verified,false,official,brand_manual_pdf,https://www.geotechenv.com/Manuals/Franklin_AIM/Electric_Submersible_Motors_AIM.pdf,Franklin Electric · AIM Manual 60 Hz (encapsulated motor table 30 / generator sizing table 3),"Franklin Electric AIM Manual single-phase motor table: 1/2 HP 115 V, Full Load Amps 10.0 / Full Load Watts 660; Maximum Load 12.0 A / 1000 W",2026-08-01,high
well-pump,Well pump,water,submersible_well_pump,electrical,running_watts_low,660,W,,,verified,false,official,brand_manual_pdf,https://www.geotechenv.com/Manuals/Franklin_AIM/Electric_Submersible_Motors_AIM.pdf,Franklin Electric · AIM Manual 60 Hz (encapsulated motor table 30 / generator sizing table 3),"1/2 HP, 115 V or 230 V, full load 660 W",2026-08-01,high
well-pump,Well pump,water,submersible_well_pump,electrical,running_watts_high,1215,W,,,verified,false,official,brand_manual_pdf,https://www.geotechenv.com/Manuals/Franklin_AIM/Electric_Submersible_Motors_AIM.pdf,Franklin Electric · AIM Manual 60 Hz (encapsulated motor table 30 / generator sizing table 3),1 HP 230 V full load 1215 W; maximum load 1630 W,2026-08-01,high
well-pump,Well pump,water,submersible_well_pump,electrical,startup_surge_multiplier,5.88,ratio,4.41,6.44,verified,false,official,brand_manual_pdf,https://www.geotechenv.com/Manuals/Franklin_AIM/Electric_Submersible_Motors_AIM.pdf,Franklin Electric · AIM Manual 60 Hz (encapsulated motor table 30 / generator sizing table 3),"Franklin AIM Manual single-phase encapsulated motor table: 1/2 HP 115 V, Full Load Amps 10.0 / Locked Rotor Amps 58.8 (2-wire), 58.8/10.0=5.88",2026-08-01,high
well-pump,Well pump,water,submersible_well_pump,electrical,startup_surge_watts,6762,W,5072,7406,verified,false,official,brand_manual_pdf,https://www.geotechenv.com/Manuals/Franklin_AIM/Electric_Submersible_Motors_AIM.pdf,Franklin Electric · AIM Manual 60 Hz (encapsulated motor table 30 / generator sizing table 3),LRA 58.8 A × 115 V = 6762 VA(1/2 HP 2-wire),2026-08-01,high
well-pump,Well pump,water,submersible_well_pump,electrical,surge_duration_ms,500,ms,,,verified,false,official,brand_manual_pdf,https://www.geotechenv.com/Manuals/Franklin_AIM/Electric_Submersible_Motors_AIM.pdf,Franklin Electric · AIM Manual 60 Hz (encapsulated motor table 30 / generator sizing table 3),"Franklin, verbatim: the motor speed goes from zero to full speed within a half second or less (the original text is for three-phase motors; there is no separate single-phase data)",2026-08-01,medium
well-pump,Well pump,water,submersible_well_pump,electrical,motor_type,induction,,,,verified,false,official,brand_manual_pdf,https://www.geotechenv.com/Manuals/Franklin_AIM/Electric_Submersible_Motors_AIM.pdf,Franklin Electric · AIM Manual 60 Hz (encapsulated motor table 30 / generator sizing table 3),"4-inch single-phase submersible motor; 2-wire is split-phase start (no external capacitor), 3-wire requires an external start-capacitor control box",2026-08-01,high
well-pump,Well pump,water,submersible_well_pump,electrical,power_factor,0.57,ratio,0.56,0.68,verified,false,official,brand_manual_pdf,https://www.geotechenv.com/Manuals/Franklin_AIM/Electric_Submersible_Motors_AIM.pdf,Franklin Electric · AIM Manual 60 Hz (encapsulated motor table 30 / generator sizing table 3),"Back-calculated from the manufacturer's same table, Full Load Watts 660 and Full Load Amps 10.0 @ 115 V (660/1150). The manufacturer's table separately lists a Power Factor % column, 64–68% range at full load",2026-08-01,medium
well-pump,Well pump,water,submersible_well_pump,electrical,requires_pure_sine,,,,,unknown,false,,,,,,,unknown
well-pump,Well pump,water,submersible_well_pump,electrical,standby_watts,0,W,,,verified,false,official,brand_manual_pdf,https://www.geotechenv.com/Manuals/Franklin_AIM/Electric_Submersible_Motors_AIM.pdf,Franklin Electric · AIM Manual 60 Hz (encapsulated motor table 30 / generator sizing table 3),No current when the pressure switch is open,2026-08-01,medium
well-pump,Well pump,water,submersible_well_pump,duty_cycle,default_duty_cycle,,ratio,,,unknown,false,,,,,,,unknown
well-pump,Well pump,water,submersible_well_pump,duty_cycle,cycle_period_min,,min,,,unknown,false,,,,,,,unknown
well-pump,Well pump,water,submersible_well_pump,duty_cycle,typical_daily_runtime_h,,h,,,unknown,false,,,,,,,unknown
window-air-conditioner,Window air conditioner,hvac_cooling,window_room_ac,electrical,running_watts,833,W,667,1000,verified,true,official,brand_manual_pdf,https://pdf.lowes.com/productdocuments/f62024d8-d411-4e9d-b6c9-60e7578dc446/44082669.pdf,EdgeStar · WAC10003WCO cooling capacity and Rated CEER (real power converted per the 10 CFR 430 App F definition),"Cooling-mode test condition specified in 10 CFR 430 Subpart B App F §4.1.2: condenser inlet dry-bulb 95 °F (test condition 1), with capacity and electrical power input measured per AHAM RAC-1 §6.1/6.2 and ANSI/ASHRAE 16. This value = 10,000 Btu/h ÷ Rated CEER 12.0",2026-08-03,medium
window-air-conditioner,Window air conditioner,hvac_cooling,window_room_ac,electrical,running_watts_low,667,W,,,verified,true,official,brand_manual_pdf,https://pdf.lowes.com/productdocuments/f62024d8-d411-4e9d-b6c9-60e7578dc446/44082669.pdf,EdgeStar · WAC8003WCO cooling capacity and Rated CEER (real power converted per the 10 CFR 430 App F definition),"10 CFR 430 App F §4.1.2 cooling-mode test condition (condenser inlet dry-bulb 95 °F). WAC8003WCO: 8,000 Btu/h ÷ Rated CEER 12.0",2026-08-03,medium
window-air-conditioner,Window air conditioner,hvac_cooling,window_room_ac,electrical,running_watts_high,1000,W,,,verified,true,official,brand_manual_pdf,https://pdf.lowes.com/productdocuments/f62024d8-d411-4e9d-b6c9-60e7578dc446/44082669.pdf,EdgeStar · WAC12003WCO cooling capacity and Rated CEER (real power converted per the 10 CFR 430 App F definition),"10 CFR 430 App F §4.1.2 cooling-mode test condition (condenser inlet dry-bulb 95 °F). WAC12003WCO: 12,000 Btu/h ÷ Rated CEER 12.0",2026-08-03,medium
window-air-conditioner,Window air conditioner,hvac_cooling,window_room_ac,electrical,startup_surge_multiplier,6,ratio,6,7,verified,true,official,brand_spec_sheet,https://tproduct.tecumseh.com/Model?id=RK5512Y-AA3A,Tecumseh · RK5512Y-AA3A rotary air-conditioning compressor data sheet (115 V/60 Hz),"Tecumseh RK5512Y-AA3A (Compressor Type: Rotary; Application: HBP/AC - Air Conditioning; Displacement 23.9 cc; 115V ~ 60Hz; Motor Type: PSC), nameplate electrical section: Locked Rotor Amps (LRA) 60 ÷ Rated Load Amps (RLA 60Hz) 10 = 6.0. The same manufacturer's 220-240 V/50 Hz model HGA5453BXC gives LRA 15 ÷ RLA (50Hz) 2.14 = 7.0, so the range ceiling is taken as 7.0",2026-08-01,medium
window-air-conditioner,Window air conditioner,hvac_cooling,window_room_ac,electrical,startup_surge_watts,6900,W,,,verified,true,official,brand_spec_sheet,https://tproduct.tecumseh.com/Model?id=RK5512Y-AA3A,Tecumseh · RK5512Y-AA3A rotary air-conditioning compressor data sheet (115 V/60 Hz),"This is VA, not W: converted from nameplate Locked Rotor Amps (LRA) 60 A × 115 V nominal voltage = 6,900 VA. The manufacturer does not give the power factor at the locked-rotor instant; since the inverter is limited by apparent power, the compatibility check uses the VA value. This compressor's ASHRAE rating point (EVAP 7.2 °C / COND 54 °C / AMBIENT 35 °C) has capacity 11,700 BTU/h, Input Power 1,104 W",2026-08-01,medium
window-air-conditioner,Window air conditioner,hvac_cooling,window_room_ac,electrical,surge_duration_ms,200,ms,100,300,verified,false,official,brand_spec_sheet,https://apps.copeland.com/Publications/AEB/AE4_1331_R9.pdf,"Copeland · Application Engineering Bulletin AE4-1331 R9 (September 2024), page 16, Single Phase Starting Characteristics","Manufacturer's formal engineering bulletin, verbatim (p.16): “The starting Locked Rotor Amperage (LRA), also referred to as inrush current, is normally six or more times higher than the rated running amperage of the compressor and lasts from 100 to 300 milliseconds until the rotor starts turning.” — that is, the 100–300 ms is the time before the rotor starts turning, not the time for the compressor to reach rated speed.
The bulletin's scope is stated on its cover: ZP16–ZP44K3E and ZP14–ZP61K5E, R-410A, 1.5–5 hp Copeland scroll compressors — that is a residential central-AC model segment, while this record is a window unit with a rotary compressor (this library's own window-unit compressor source is the Tecumseh RK5512Y-AA3A rotary, about 0.5 hp). The manufacturer makes no equivalent statement for rotary compressors.
The same bulletin's page 23 also gives the test method for nameplate LRA: physically lock the rotor, apply the nameplate's maximum voltage, and take the current reading four seconds after power-on as the nameplate LRA; it also states that a lower line voltage produces a lower measured LRA. This is directly relevant to this record's surge_basis=nameplate_lra — nameplate LRA is a steady-state reading taken four seconds in, while this field's 100–300 ms describes the transient that precedes it; the two are not on the same time scale.",2026-08-03,low
window-air-conditioner,Window air conditioner,hvac_cooling,window_room_ac,electrical,motor_type,rotary_compressor,,,,verified,false,official,brand_support_kb,https://products.geappliances.com/appliance/gea-support-search-content?contentId=34427,GE Appliances · note on room air conditioner LRA and UL 484,,2026-08-01,low
window-air-conditioner,Window air conditioner,hvac_cooling,window_room_ac,electrical,power_factor,0.9,ratio,0.895,0.902,verified,true,official,brand_manual_pdf,https://pdf.lowes.com/productdocuments/f62024d8-d411-4e9d-b6c9-60e7578dc446/44082669.pdf,EdgeStar official specification table (real power ÷ nameplate apparent power),"Cooling mode, 10 CFR 430 App F test condition 1 (condenser inlet dry-bulb 95 °F); numerator and denominator both taken from the EdgeStar manual's page-24 specification table",2026-08-03,medium
window-air-conditioner,Window air conditioner,hvac_cooling,window_room_ac,electrical,apparent_power_va,923,VA,739,1118,verified,true,official,brand_manual_pdf,https://pdf.lowes.com/productdocuments/f62024d8-d411-4e9d-b6c9-60e7578dc446/44082669.pdf,EdgeStar · WAC10003WCO nameplate cooling current,"Manufacturer manual, page-24 specification table, Current (cooling) 8.03 A @ 115 V / 60 Hz; the manufacturer does not state the test condition",2026-08-03,medium
window-air-conditioner,Window air conditioner,hvac_cooling,window_room_ac,electrical,requires_pure_sine,,,,,unknown,false,,,,,,,unknown
window-air-conditioner,Window air conditioner,hvac_cooling,window_room_ac,electrical,standby_watts,,W,,,unknown,false,,,,,,,unknown
window-air-conditioner,Window air conditioner,hvac_cooling,window_room_ac,duty_cycle,default_duty_cycle,0.9,ratio,,,verified,false,official,government_standard,https://www.energy.gov/sites/prod/files/2016/04/f30/Portable%20AC%20TP%20Final%20Rule.pdf,US DOE · final rule on portable air conditioner test procedures (includes the LBNL measured duty-cycle formula; commercial/long-running-setting basis),"Borrowed from the portable air conditioner basis: the same US DOE final rule cites the LBNL commercial-setting measured formula, %Time in Cooling Mode = 0.0193 × outdoor temperature (°F) − 0.9382, which gives 90% at 95 °F",2026-08-03,medium
window-air-conditioner,Window air conditioner,hvac_cooling,window_room_ac,duty_cycle,cycle_period_min,3,min,,,verified,false,official,brand_manual_pdf,https://pdf.lowes.com/productdocuments/f62024d8-d411-4e9d-b6c9-60e7578dc446/44082669.pdf,"EdgeStar · WAC8003/10003/12003WCO window AC unit user manual, specification table",Manufacturer anti-short-cycling delay: “Wait approximately 3 minutes and listen for the compressor to restart when it is set in the COOL mode.”,2026-08-01,high
window-air-conditioner,Window air conditioner,hvac_cooling,window_room_ac,duty_cycle,typical_daily_runtime_h,,h,,,unknown,false,,,,,,,unknown
window-air-conditioner,Window air conditioner,hvac_cooling,window_room_ac,energy,annual_kwh,625,kWh,500,750,verified,true,official,government_standard,https://www.govinfo.gov/content/pkg/CFR-2024-title10-vol3/pdf/CFR-2024-title10-vol3-part430-subpartB-appF.pdf,10 CFR 430 App F §5.2.1 AEC defining equation (EnergyGuide label annual-energy basis),"Federal-basis annual energy use: cooling mode 750 h/year, with capacity and power measured per App F §4.1.2 (condenser inlet dry-bulb 95 °F, AHAM RAC-1 / ANSI-ASHRAE 16). This is the label basis, not a user's field measurement.",2026-08-03,medium
window-air-conditioner-inverter,Inverter window air conditioner (U-shaped),hvac_cooling,window_room_ac_inverter,electrical,running_watts,667,W,500,800,verified,true,official,government_standard,https://data.energystar.gov/resource/5xn2-dv4h.json,ENERGY STAR certified room air conditioners dataset · MAW10V1QWT cooling capacity and Rated CEER (real power converted per the 10 CFR 430 App F definition),"Cooling-mode test condition specified in 10 CFR 430 Subpart B App F §4.1.2: condenser inlet dry-bulb 95 °F (test condition 1), with capacity and electrical power input measured per AHAM RAC-1 §6.1/6.2 and ANSI/ASHRAE 16. This value = 10,000 Btu/h ÷ Rated CEER 15.0 (Midea MAW10V1QWT, certification date 2023-07-18)",2026-08-03,medium
window-air-conditioner-inverter,Inverter window air conditioner (U-shaped),hvac_cooling,window_room_ac_inverter,electrical,running_watts_low,500,W,,,verified,true,official,government_standard,https://data.energystar.gov/resource/5xn2-dv4h.json,ENERGY STAR certified room air conditioners dataset · MAW08U1QWT cooling capacity and Rated CEER,"10 CFR 430 App F §4.1.2 cooling-mode test condition (condenser inlet dry-bulb 95 °F). Midea MAW08U1QWT: 8,000 Btu/h ÷ Rated CEER 16.0, AEC 375 kWh/yr, certification date 2023-11-17",2026-08-03,medium
window-air-conditioner-inverter,Inverter window air conditioner (U-shaped),hvac_cooling,window_room_ac_inverter,electrical,running_watts_high,800,W,,,verified,true,official,government_standard,https://data.energystar.gov/resource/5xn2-dv4h.json,ENERGY STAR certified room air conditioners dataset · MAW12V1QWT cooling capacity and Rated CEER,"10 CFR 430 App F §4.1.2 cooling-mode test condition (condenser inlet dry-bulb 95 °F). Midea MAW12V1QWT: 12,000 Btu/h ÷ Rated CEER 15.0, AEC 600 kWh/yr, certification date 2023-07-18; LG LW1222IVSM has the same capacity and CEER, giving the same value",2026-08-03,medium
window-air-conditioner-inverter,Inverter window air conditioner (U-shaped),hvac_cooling,window_room_ac_inverter,electrical,startup_surge_multiplier,,ratio,,,unknown,false,,,,,,,unknown
window-air-conditioner-inverter,Inverter window air conditioner (U-shaped),hvac_cooling,window_room_ac_inverter,electrical,startup_surge_watts,,W,,,unknown,false,,,,,,,unknown
window-air-conditioner-inverter,Inverter window air conditioner (U-shaped),hvac_cooling,window_room_ac_inverter,electrical,surge_duration_ms,,ms,,,unknown,false,,,,,,,unknown
window-air-conditioner-inverter,Inverter window air conditioner (U-shaped),hvac_cooling,window_room_ac_inverter,electrical,motor_type,bldc_inverter,,,,verified,false,official,government_standard,https://data.energystar.gov/resource/5xn2-dv4h.json,ENERGY STAR certified room air conditioners dataset · variable_speed_compressor field,"Certification record field variable_speed_compressor = Yes (every model in this appliance class; as measured 2026-08-03, all 446 units in the dataset have this field set to Yes, zero fixed-speed)",2026-08-03,low
window-air-conditioner-inverter,Inverter window air conditioner (U-shaped),hvac_cooling,window_room_ac_inverter,electrical,power_factor,,ratio,,,unknown,false,,,,,,,unknown
window-air-conditioner-inverter,Inverter window air conditioner (U-shaped),hvac_cooling,window_room_ac_inverter,electrical,apparent_power_va,,VA,,,unknown,false,,,,,,,unknown
window-air-conditioner-inverter,Inverter window air conditioner (U-shaped),hvac_cooling,window_room_ac_inverter,electrical,requires_pure_sine,,,,,unknown,false,,,,,,,unknown
window-air-conditioner-inverter,Inverter window air conditioner (U-shaped),hvac_cooling,window_room_ac_inverter,electrical,voltage_domain,120v,,,,verified,false,official,government_standard,https://data.energystar.gov/resource/5xn2-dv4h.json,ENERGY STAR certified room air conditioners dataset · voltage_volts field (full census of 146 models within this record’s data scope),"Full census of the voltage_volts field in the certification records (full table of 456 rows as actually fetched on 2026-08-11, 10 rows more than the 446-row table fetched 2026-08-03). The census scope is exactly equal to this record’s data scope: installation_mounting_type ∈ {Straddles Window, Straddles Windowsill} (saddle/U-shaped) and cooling_capacity_btu_hour between 8,000 and 12,000, totaling 146 units across 24 brands. voltage_volts values: 115 V ×143, 116 V ×2 (LG LW1022FVSM/LW1022IVSM), 120 V ×1 (Gradient CCHP11) — all fall in the engine’s 120v tier (100–127 V), 0 units fall in the 230v tier (200–250 V). markets field: United States, Canada ×130 / United States ×14 / Canada ×2; not one unit falls outside the North American 120 V·60 Hz region. The 8 models named in this record (Midea MAW08U1QWT / MAW08V1QWT / MAW10U1QWT / MAW10V1QWT / MAW12U1QWT / MAW12V1QWT, LG LW1222IVSM, GE Profile PHNT12CCH1) were each checked individually; the certified voltage is 115 V for every one.

This voltage and this record’s wattage figure are two fields from the same measurement: 10 CFR 430 Subpart B App F §3.1.3 Electrical supply states, verbatim, “For cooling mode testing, test at each nameplate operating voltage, and maintain the input standard voltage within ±1 percent.” The CEER and AEC in the certification record — the sole source for this record’s running_watts and energy.annual_kwh — were measured at this same voltage.",2026-08-11,high
window-air-conditioner-inverter,Inverter window air conditioner (U-shaped),hvac_cooling,window_room_ac_inverter,electrical,standby_watts,,W,,,unknown,false,,,,,,,unknown
window-air-conditioner-inverter,Inverter window air conditioner (U-shaped),hvac_cooling,window_room_ac_inverter,duty_cycle,default_duty_cycle,,ratio,,,unknown,false,,,,,,,unknown
window-air-conditioner-inverter,Inverter window air conditioner (U-shaped),hvac_cooling,window_room_ac_inverter,duty_cycle,typical_daily_runtime_h,,h,,,unknown,false,,,,,,,unknown
window-air-conditioner-inverter,Inverter window air conditioner (U-shaped),hvac_cooling,window_room_ac_inverter,energy,annual_kwh,500,kWh,375,600,verified,false,official,government_standard,https://data.energystar.gov/resource/5xn2-dv4h.json,ENERGY STAR certified room air conditioners dataset · MAW10V1QWT annual_energy_use_kwh_yr,"Federal-basis annual energy use (10 CFR 430 App F §5.2.1 AEC defining equation): cooling mode 750 h/year, with capacity and power measured per App F §4.1.2 (condenser inlet dry-bulb 95 °F, AHAM RAC-1 / ANSI-ASHRAE 16). This is the label basis, not a user’s field measurement.",2026-08-03,high
